scenario,method,repetition,generation,best_fitness
base,nearest_neighbor,1,1,19618.391687
base,random,1,1,19204.521172
base,genetic,1,1,17575.269989
base,genetic,1,2,17546.667663
base,genetic,1,3,16616.063231
base,genetic,1,4,16528.033331
base,genetic,1,5,16429.114177
base,genetic,1,6,16429.114177
base,genetic,1,7,16429.114177
base,genetic,1,8,16429.114177
base,genetic,1,9,16429.114177
base,genetic,1,10,16429.114177
base,genetic,1,11,16429.114177
base,genetic,1,12,16429.114177
base,genetic,1,13,16378.867957
base,genetic,1,14,16263.020720
base,genetic,1,15,16117.081367
base,genetic,1,16,16050.473248
base,genetic,1,17,16050.473248
base,genetic,1,18,15944.723885
base,genetic,1,19,15944.723885
base,genetic,1,20,15944.723885
base,genetic,1,21,15944.723885
base,genetic,1,22,15944.723885
base,genetic,1,23,15944.723885
base,genetic,1,24,15943.130297
base,genetic,1,25,15873.828481
base,genetic,1,26,15873.828481
base,genetic,1,27,15846.637556
base,genetic,1,28,15846.637556
base,genetic,1,29,15846.637556
base,genetic,1,30,15740.767672
base,genetic,1,31,15740.767672
base,genetic,1,32,15740.767672
base,genetic,1,33,15740.767672
base,genetic,1,34,15740.767672
base,genetic,1,35,15740.767672
base,genetic,1,36,15678.233321
base,genetic,1,37,15678.233321
base,genetic,1,38,15678.233321
base,genetic,1,39,15643.295873
base,genetic,1,40,15643.295873
base,genetic,1,41,15643.295873
base,genetic,1,42,15643.295873
base,genetic,1,43,15202.461701
base,genetic,1,44,15202.461701
base,genetic,1,45,15202.461701
base,genetic,1,46,15202.461701
base,genetic,1,47,15202.461701
base,genetic,1,48,15202.461701
base,genetic,1,49,15202.461701
base,genetic,1,50,15202.461701
base,genetic,1,51,15202.461701
base,genetic,1,52,15202.461701
base,genetic,1,53,15202.461701
base,genetic,1,54,15202.461701
base,genetic,1,55,15202.461701
base,genetic,1,56,15202.461701
base,genetic,1,57,15202.461701
base,genetic,1,58,15202.461701
base,genetic,1,59,15202.461701
base,genetic,1,60,15202.461701
base,genetic,1,61,15202.461701
base,genetic,1,62,15202.461701
base,genetic,1,63,15202.461701
base,genetic,1,64,15202.461701
base,genetic,1,65,15202.461701
base,genetic,1,66,15202.461701
base,genetic,1,67,15202.461701
base,genetic,1,68,15202.461701
base,genetic,1,69,15202.461701
base,genetic,1,70,15202.461701
base,genetic,1,71,15202.461701
base,genetic,1,72,15202.461701
base,genetic,1,73,15202.461701
base,genetic,1,74,15202.461701
base,genetic,1,75,15202.461701
base,genetic,1,76,15202.461701
base,genetic,1,77,15202.461701
base,genetic,1,78,15202.461701
base,genetic,1,79,15202.461701
base,genetic,1,80,15202.461701
base,genetic,1,81,15202.461701
base,genetic,1,82,15202.461701
base,genetic,1,83,15202.461701
base,genetic,1,84,15202.461701
base,genetic,1,85,15202.461701
base,genetic,1,86,15202.461701
base,genetic,1,87,15202.461701
base,genetic,1,88,15202.461701
base,genetic,1,89,15202.461701
base,genetic,1,90,15202.461701
base,genetic,1,91,15202.461701
base,genetic,1,92,15202.461701
base,genetic,1,93,15202.461701
base,random,2,1,18356.311009
base,genetic,2,1,17527.531563
base,genetic,2,2,16081.111891
base,genetic,2,3,16081.111891
base,genetic,2,4,16081.111891
base,genetic,2,5,16066.890471
base,genetic,2,6,16066.890471
base,genetic,2,7,16037.684130
base,genetic,2,8,16037.684130
base,genetic,2,9,15904.623321
base,genetic,2,10,15904.623321
base,genetic,2,11,15904.623321
base,genetic,2,12,15904.623321
base,genetic,2,13,15840.682391
base,genetic,2,14,15840.682391
base,genetic,2,15,15561.162294
base,genetic,2,16,15561.162294
base,genetic,2,17,15561.162294
base,genetic,2,18,15561.162294
base,genetic,2,19,15561.162294
base,genetic,2,20,15561.162294
base,genetic,2,21,15561.162294
base,genetic,2,22,15561.162294
base,genetic,2,23,15561.162294
base,genetic,2,24,15561.162294
base,genetic,2,25,15561.162294
base,genetic,2,26,15561.162294
base,genetic,2,27,15561.162294
base,genetic,2,28,15561.162294
base,genetic,2,29,15561.162294
base,genetic,2,30,15561.162294
base,genetic,2,31,15561.162294
base,genetic,2,32,15561.162294
base,genetic,2,33,15561.162294
base,genetic,2,34,15561.162294
base,genetic,2,35,15561.162294
base,genetic,2,36,15561.162294
base,genetic,2,37,15561.162294
base,genetic,2,38,15561.162294
base,genetic,2,39,15561.162294
base,genetic,2,40,15561.162294
base,genetic,2,41,15561.162294
base,genetic,2,42,15561.162294
base,genetic,2,43,15561.162294
base,genetic,2,44,15561.162294
base,genetic,2,45,15561.162294
base,genetic,2,46,15561.162294
base,genetic,2,47,15561.162294
base,genetic,2,48,15561.162294
base,genetic,2,49,15561.162294
base,genetic,2,50,15561.162294
base,genetic,2,51,15561.162294
base,genetic,2,52,15416.304131
base,genetic,2,53,15416.304131
base,genetic,2,54,15416.304131
base,genetic,2,55,15416.304131
base,genetic,2,56,15416.304131
base,genetic,2,57,15416.304131
base,genetic,2,58,15416.304131
base,genetic,2,59,15416.304131
base,genetic,2,60,15416.304131
base,genetic,2,61,15416.304131
base,genetic,2,62,15416.304131
base,genetic,2,63,15416.304131
base,genetic,2,64,15416.304131
base,genetic,2,65,15416.304131
base,genetic,2,66,15416.304131
base,genetic,2,67,15416.304131
base,genetic,2,68,15416.304131
base,genetic,2,69,15416.304131
base,genetic,2,70,15416.304131
base,genetic,2,71,15416.304131
base,genetic,2,72,15394.410975
base,genetic,2,73,15394.410975
base,genetic,2,74,15394.410975
base,genetic,2,75,15394.410975
base,genetic,2,76,15394.410975
base,genetic,2,77,15394.410975
base,genetic,2,78,15394.410975
base,genetic,2,79,15394.410975
base,genetic,2,80,15394.410975
base,genetic,2,81,15394.410975
base,genetic,2,82,15394.410975
base,genetic,2,83,15394.410975
base,genetic,2,84,15394.410975
base,genetic,2,85,15394.410975
base,genetic,2,86,15394.410975
base,genetic,2,87,15394.410975
base,genetic,2,88,15394.410975
base,genetic,2,89,15394.410975
base,genetic,2,90,15394.410975
base,genetic,2,91,15394.410975
base,genetic,2,92,15394.410975
base,genetic,2,93,15394.410975
base,genetic,2,94,15394.410975
base,genetic,2,95,15394.410975
base,genetic,2,96,15394.410975
base,genetic,2,97,15394.410975
base,genetic,2,98,15394.410975
base,genetic,2,99,15394.410975
base,genetic,2,100,15394.410975
base,genetic,2,101,15394.410975
base,genetic,2,102,15394.410975
base,genetic,2,103,15394.410975
base,genetic,2,104,15394.410975
base,genetic,2,105,15394.410975
base,genetic,2,106,15394.410975
base,genetic,2,107,15394.410975
base,genetic,2,108,15394.410975
base,genetic,2,109,15394.410975
base,genetic,2,110,15394.410975
base,genetic,2,111,15394.410975
base,genetic,2,112,15394.410975
base,genetic,2,113,15394.410975
base,genetic,2,114,15394.410975
base,genetic,2,115,15394.410975
base,genetic,2,116,15394.410975
base,genetic,2,117,15394.410975
base,genetic,2,118,15394.410975
base,genetic,2,119,15394.410975
base,genetic,2,120,15394.410975
base,genetic,2,121,15394.410975
base,genetic,2,122,15394.410975
base,random,3,1,17753.806978
base,genetic,3,1,16861.124189
base,genetic,3,2,16861.124189
base,genetic,3,3,16599.278538
base,genetic,3,4,16599.278538
base,genetic,3,5,16588.021793
base,genetic,3,6,16011.999911
base,genetic,3,7,16011.999911
base,genetic,3,8,16011.999911
base,genetic,3,9,16011.999911
base,genetic,3,10,16011.999911
base,genetic,3,11,16011.999911
base,genetic,3,12,16011.999911
base,genetic,3,13,16011.999911
base,genetic,3,14,16011.999911
base,genetic,3,15,15862.709719
base,genetic,3,16,15862.709719
base,genetic,3,17,15862.709719
base,genetic,3,18,15862.709719
base,genetic,3,19,15831.714692
base,genetic,3,20,15831.714692
base,genetic,3,21,15792.720803
base,genetic,3,22,15741.259809
base,genetic,3,23,15682.486018
base,genetic,3,24,15682.486018
base,genetic,3,25,15682.486018
base,genetic,3,26,15682.486018
base,genetic,3,27,15682.486018
base,genetic,3,28,15682.486018
base,genetic,3,29,15682.486018
base,genetic,3,30,15682.486018
base,genetic,3,31,15682.486018
base,genetic,3,32,15579.526319
base,genetic,3,33,15579.526319
base,genetic,3,34,15579.526319
base,genetic,3,35,15579.526319
base,genetic,3,36,15540.014342
base,genetic,3,37,15540.014342
base,genetic,3,38,15525.635136
base,genetic,3,39,15524.575137
base,genetic,3,40,15524.575137
base,genetic,3,41,15524.575137
base,genetic,3,42,15524.575137
base,genetic,3,43,15348.960649
base,genetic,3,44,15348.960649
base,genetic,3,45,15348.960649
base,genetic,3,46,15308.331585
base,genetic,3,47,15308.331585
base,genetic,3,48,15308.331585
base,genetic,3,49,15305.421400
base,genetic,3,50,15202.461701
base,genetic,3,51,15202.461701
base,genetic,3,52,15202.461701
base,genetic,3,53,15202.461701
base,genetic,3,54,15202.461701
base,genetic,3,55,15202.461701
base,genetic,3,56,15202.461701
base,genetic,3,57,15202.461701
base,genetic,3,58,15202.461701
base,genetic,3,59,15202.461701
base,genetic,3,60,15202.461701
base,genetic,3,61,15202.461701
base,genetic,3,62,15202.461701
base,genetic,3,63,15202.461701
base,genetic,3,64,15202.461701
base,genetic,3,65,15202.461701
base,genetic,3,66,15202.461701
base,genetic,3,67,15202.461701
base,genetic,3,68,15202.461701
base,genetic,3,69,15202.461701
base,genetic,3,70,15202.461701
base,genetic,3,71,15202.461701
base,genetic,3,72,15202.461701
base,genetic,3,73,15202.461701
base,genetic,3,74,15202.461701
base,genetic,3,75,15202.461701
base,genetic,3,76,15202.461701
base,genetic,3,77,15202.461701
base,genetic,3,78,15202.461701
base,genetic,3,79,15202.461701
base,genetic,3,80,15202.461701
base,genetic,3,81,15202.461701
base,genetic,3,82,15202.461701
base,genetic,3,83,15202.461701
base,genetic,3,84,15202.461701
base,genetic,3,85,15202.461701
base,genetic,3,86,15202.461701
base,genetic,3,87,15202.461701
base,genetic,3,88,15202.461701
base,genetic,3,89,15202.461701
base,genetic,3,90,15202.461701
base,genetic,3,91,15202.461701
base,genetic,3,92,15202.461701
base,genetic,3,93,15202.461701
base,genetic,3,94,15202.461701
base,genetic,3,95,15202.461701
base,genetic,3,96,15202.461701
base,genetic,3,97,15202.461701
base,genetic,3,98,15202.461701
base,genetic,3,99,15202.461701
base,genetic,3,100,15202.461701
base,random,4,1,18215.005027
base,genetic,4,1,17074.585801
base,genetic,4,2,16811.867672
base,genetic,4,3,16811.867672
base,genetic,4,4,16736.192330
base,genetic,4,5,16583.528127
base,genetic,4,6,16573.376500
base,genetic,4,7,16337.497262
base,genetic,4,8,16337.497262
base,genetic,4,9,16328.441838
base,genetic,4,10,16136.436883
base,genetic,4,11,16136.436883
base,genetic,4,12,16136.436883
base,genetic,4,13,15891.018533
base,genetic,4,14,15736.685311
base,genetic,4,15,15736.685311
base,genetic,4,16,15736.685311
base,genetic,4,17,15736.685311
base,genetic,4,18,15601.497327
base,genetic,4,19,15571.396217
base,genetic,4,20,15571.396217
base,genetic,4,21,15571.396217
base,genetic,4,22,15468.436517
base,genetic,4,23,15468.436517
base,genetic,4,24,15468.436517
base,genetic,4,25,15468.436517
base,genetic,4,26,15468.436517
base,genetic,4,27,15468.436517
base,genetic,4,28,15468.436517
base,genetic,4,29,15468.436517
base,genetic,4,30,15468.436517
base,genetic,4,31,15468.436517
base,genetic,4,32,15468.436517
base,genetic,4,33,15468.436517
base,genetic,4,34,15468.436517
base,genetic,4,35,15468.436517
base,genetic,4,36,15468.436517
base,genetic,4,37,15468.436517
base,genetic,4,38,15468.436517
base,genetic,4,39,15468.436517
base,genetic,4,40,15468.436517
base,genetic,4,41,15468.436517
base,genetic,4,42,15468.436517
base,genetic,4,43,15468.436517
base,genetic,4,44,15468.436517
base,genetic,4,45,15468.436517
base,genetic,4,46,15468.436517
base,genetic,4,47,15468.436517
base,genetic,4,48,15468.436517
base,genetic,4,49,15468.436517
base,genetic,4,50,15468.436517
base,genetic,4,51,15468.436517
base,genetic,4,52,15468.436517
base,genetic,4,53,15468.436517
base,genetic,4,54,15468.436517
base,genetic,4,55,15468.436517
base,genetic,4,56,15468.436517
base,genetic,4,57,15468.436517
base,genetic,4,58,15468.436517
base,genetic,4,59,15468.436517
base,genetic,4,60,15468.436517
base,genetic,4,61,15468.436517
base,genetic,4,62,15468.436517
base,genetic,4,63,15468.436517
base,genetic,4,64,15468.436517
base,genetic,4,65,15468.436517
base,genetic,4,66,15468.436517
base,genetic,4,67,15468.436517
base,genetic,4,68,15468.436517
base,genetic,4,69,15468.436517
base,genetic,4,70,15468.436517
base,genetic,4,71,15468.436517
base,genetic,4,72,15468.436517
base,random,5,1,17442.544719
base,genetic,5,1,16275.410953
base,genetic,5,2,16275.410953
base,genetic,5,3,16275.410953
base,genetic,5,4,16275.410953
base,genetic,5,5,16275.410953
base,genetic,5,6,16100.934577
base,genetic,5,7,15913.482934
base,genetic,5,8,15913.482934
base,genetic,5,9,15913.482934
base,genetic,5,10,15913.482934
base,genetic,5,11,15913.482934
base,genetic,5,12,15841.105629
base,genetic,5,13,15841.105629
base,genetic,5,14,15841.105629
base,genetic,5,15,15700.803152
base,genetic,5,16,15700.803152
base,genetic,5,17,15700.803152
base,genetic,5,18,15651.164904
base,genetic,5,19,15651.164904
base,genetic,5,20,15651.164904
base,genetic,5,21,15628.425846
base,genetic,5,22,15628.425846
base,genetic,5,23,15628.425846
base,genetic,5,24,15628.425846
base,genetic,5,25,15628.425846
base,genetic,5,26,15628.425846
base,genetic,5,27,15628.425846
base,genetic,5,28,15628.425846
base,genetic,5,29,15628.425846
base,genetic,5,30,15628.425846
base,genetic,5,31,15628.425846
base,genetic,5,32,15628.425846
base,genetic,5,33,15628.425846
base,genetic,5,34,15628.425846
base,genetic,5,35,15628.425846
base,genetic,5,36,15587.935015
base,genetic,5,37,15587.935015
base,genetic,5,38,15587.935015
base,genetic,5,39,15587.935015
base,genetic,5,40,15587.935015
base,genetic,5,41,15587.935015
base,genetic,5,42,15587.935015
base,genetic,5,43,15587.935015
base,genetic,5,44,15587.935015
base,genetic,5,45,15587.935015
base,genetic,5,46,15587.935015
base,genetic,5,47,15587.935015
base,genetic,5,48,15587.935015
base,genetic,5,49,15587.935015
base,genetic,5,50,15587.935015
base,genetic,5,51,15587.935015
base,genetic,5,52,15587.935015
base,genetic,5,53,15587.935015
base,genetic,5,54,15587.935015
base,genetic,5,55,15587.935015
base,genetic,5,56,15587.935015
base,genetic,5,57,15587.935015
base,genetic,5,58,15587.935015
base,genetic,5,59,15587.935015
base,genetic,5,60,15587.935015
base,genetic,5,61,15587.935015
base,genetic,5,62,15587.935015
base,genetic,5,63,15587.935015
base,genetic,5,64,15587.935015
base,genetic,5,65,15587.935015
base,genetic,5,66,15587.935015
base,genetic,5,67,15587.935015
base,genetic,5,68,15587.935015
base,genetic,5,69,15587.935015
base,genetic,5,70,15587.935015
base,genetic,5,71,15587.935015
base,genetic,5,72,15587.935015
base,genetic,5,73,15587.935015
base,genetic,5,74,15587.935015
base,genetic,5,75,15587.935015
base,genetic,5,76,15587.935015
base,genetic,5,77,15587.935015
base,genetic,5,78,15587.935015
base,genetic,5,79,15587.935015
base,genetic,5,80,15587.935015
base,genetic,5,81,15587.935015
base,genetic,5,82,15587.935015
base,genetic,5,83,15587.935015
base,genetic,5,84,15587.935015
base,genetic,5,85,15587.935015
base,genetic,5,86,15587.935015
base,random,6,1,18512.856858
base,genetic,6,1,16801.471703
base,genetic,6,2,16801.471703
base,genetic,6,3,16801.471703
base,genetic,6,4,16553.811539
base,genetic,6,5,16553.811539
base,genetic,6,6,16417.647798
base,genetic,6,7,16417.647798
base,genetic,6,8,16417.647798
base,genetic,6,9,16417.647798
base,genetic,6,10,16109.079143
base,genetic,6,11,16109.079143
base,genetic,6,12,16109.079143
base,genetic,6,13,15982.831729
base,genetic,6,14,15982.831729
base,genetic,6,15,15895.877752
base,genetic,6,16,15895.877752
base,genetic,6,17,15895.877752
base,genetic,6,18,15731.058856
base,genetic,6,19,15690.472827
base,genetic,6,20,15690.472827
base,genetic,6,21,15664.121993
base,genetic,6,22,15545.614664
base,genetic,6,23,15545.614664
base,genetic,6,24,15545.614664
base,genetic,6,25,15545.614664
base,genetic,6,26,15545.614664
base,genetic,6,27,15545.614664
base,genetic,6,28,15545.614664
base,genetic,6,29,15545.614664
base,genetic,6,30,15416.304131
base,genetic,6,31,15416.304131
base,genetic,6,32,15416.304131
base,genetic,6,33,15416.304131
base,genetic,6,34,15416.304131
base,genetic,6,35,15416.304131
base,genetic,6,36,15416.304131
base,genetic,6,37,15416.304131
base,genetic,6,38,15416.304131
base,genetic,6,39,15416.304131
base,genetic,6,40,15416.304131
base,genetic,6,41,15416.304131
base,genetic,6,42,15416.304131
base,genetic,6,43,15416.304131
base,genetic,6,44,15394.410975
base,genetic,6,45,15394.410975
base,genetic,6,46,15394.410975
base,genetic,6,47,15394.410975
base,genetic,6,48,15394.410975
base,genetic,6,49,15394.410975
base,genetic,6,50,15394.410975
base,genetic,6,51,15394.410975
base,genetic,6,52,15394.410975
base,genetic,6,53,15394.410975
base,genetic,6,54,15394.410975
base,genetic,6,55,15394.410975
base,genetic,6,56,15394.410975
base,genetic,6,57,15394.410975
base,genetic,6,58,15394.410975
base,genetic,6,59,15394.410975
base,genetic,6,60,15394.410975
base,genetic,6,61,15394.410975
base,genetic,6,62,15394.410975
base,genetic,6,63,15394.410975
base,genetic,6,64,15394.410975
base,genetic,6,65,15394.410975
base,genetic,6,66,15394.410975
base,genetic,6,67,15394.410975
base,genetic,6,68,15394.410975
base,genetic,6,69,15394.410975
base,genetic,6,70,15394.410975
base,genetic,6,71,15394.410975
base,genetic,6,72,15394.410975
base,genetic,6,73,15394.410975
base,genetic,6,74,15394.410975
base,genetic,6,75,15394.410975
base,genetic,6,76,15394.410975
base,genetic,6,77,15394.410975
base,genetic,6,78,15394.410975
base,genetic,6,79,15394.410975
base,genetic,6,80,15394.410975
base,genetic,6,81,15394.410975
base,genetic,6,82,15394.410975
base,genetic,6,83,15394.410975
base,genetic,6,84,15394.410975
base,genetic,6,85,15394.410975
base,genetic,6,86,15394.410975
base,genetic,6,87,15394.410975
base,genetic,6,88,15394.410975
base,genetic,6,89,15394.410975
base,genetic,6,90,15394.410975
base,genetic,6,91,15394.410975
base,genetic,6,92,15394.410975
base,genetic,6,93,15394.410975
base,genetic,6,94,15394.410975
base,random,7,1,18223.434171
base,genetic,7,1,17244.856114
base,genetic,7,2,17195.868548
base,genetic,7,3,16789.062586
base,genetic,7,4,16789.062586
base,genetic,7,5,16789.062586
base,genetic,7,6,16601.242230
base,genetic,7,7,16601.242230
base,genetic,7,8,16601.242230
base,genetic,7,9,16601.242230
base,genetic,7,10,16601.242230
base,genetic,7,11,16268.304350
base,genetic,7,12,16268.304350
base,genetic,7,13,16268.304350
base,genetic,7,14,16268.304350
base,genetic,7,15,16047.018075
base,genetic,7,16,16047.018075
base,genetic,7,17,16047.018075
base,genetic,7,18,16047.018075
base,genetic,7,19,15967.235925
base,genetic,7,20,15967.235925
base,genetic,7,21,15967.235925
base,genetic,7,22,15967.235925
base,genetic,7,23,15868.593481
base,genetic,7,24,15868.593481
base,genetic,7,25,15781.396737
base,genetic,7,26,15611.128836
base,genetic,7,27,15611.128836
base,genetic,7,28,15611.128836
base,genetic,7,29,15611.128836
base,genetic,7,30,15611.128836
base,genetic,7,31,15611.128836
base,genetic,7,32,15611.128836
base,genetic,7,33,15611.128836
base,genetic,7,34,15611.128836
base,genetic,7,35,15611.128836
base,genetic,7,36,15611.128836
base,genetic,7,37,15611.128836
base,genetic,7,38,15611.128836
base,genetic,7,39,15611.128836
base,genetic,7,40,15611.128836
base,genetic,7,41,15611.128836
base,genetic,7,42,15611.128836
base,genetic,7,43,15611.128836
base,genetic,7,44,15611.128836
base,genetic,7,45,15611.128836
base,genetic,7,46,15611.128836
base,genetic,7,47,15611.128836
base,genetic,7,48,15611.128836
base,genetic,7,49,15611.128836
base,genetic,7,50,15611.128836
base,genetic,7,51,15611.128836
base,genetic,7,52,15611.128836
base,genetic,7,53,15611.128836
base,genetic,7,54,15611.128836
base,genetic,7,55,15611.128836
base,genetic,7,56,15611.128836
base,genetic,7,57,15611.128836
base,genetic,7,58,15611.128836
base,genetic,7,59,15611.128836
base,genetic,7,60,15611.128836
base,genetic,7,61,15611.128836
base,genetic,7,62,15611.128836
base,genetic,7,63,15570.499772
base,genetic,7,64,15570.499772
base,genetic,7,65,15570.499772
base,genetic,7,66,15570.499772
base,genetic,7,67,15570.499772
base,genetic,7,68,15570.499772
base,genetic,7,69,15570.499772
base,genetic,7,70,15570.499772
base,genetic,7,71,15570.499772
base,genetic,7,72,15570.499772
base,genetic,7,73,15570.499772
base,genetic,7,74,15570.499772
base,genetic,7,75,15570.499772
base,genetic,7,76,15570.499772
base,genetic,7,77,15570.499772
base,genetic,7,78,15570.499772
base,genetic,7,79,15570.499772
base,genetic,7,80,15570.499772
base,genetic,7,81,15570.499772
base,genetic,7,82,15570.499772
base,genetic,7,83,15555.925561
base,genetic,7,84,15555.925561
base,genetic,7,85,15555.925561
base,genetic,7,86,15555.925561
base,genetic,7,87,15555.925561
base,genetic,7,88,15555.925561
base,genetic,7,89,15550.375847
base,genetic,7,90,15550.375847
base,genetic,7,91,15550.375847
base,genetic,7,92,15550.375847
base,genetic,7,93,15550.375847
base,genetic,7,94,15550.375847
base,genetic,7,95,15550.375847
base,genetic,7,96,15550.375847
base,genetic,7,97,15550.375847
base,genetic,7,98,15550.375847
base,genetic,7,99,15550.375847
base,genetic,7,100,15550.375847
base,genetic,7,101,15550.375847
base,genetic,7,102,15550.375847
base,genetic,7,103,15550.375847
base,genetic,7,104,15550.375847
base,genetic,7,105,15550.375847
base,genetic,7,106,15550.375847
base,genetic,7,107,15550.375847
base,genetic,7,108,15550.375847
base,genetic,7,109,15550.375847
base,genetic,7,110,15550.375847
base,genetic,7,111,15550.375847
base,genetic,7,112,15550.375847
base,genetic,7,113,15550.375847
base,genetic,7,114,15550.375847
base,genetic,7,115,15550.375847
base,genetic,7,116,15550.375847
base,genetic,7,117,15550.375847
base,genetic,7,118,15550.375847
base,genetic,7,119,15550.375847
base,genetic,7,120,15550.375847
base,genetic,7,121,15550.375847
base,genetic,7,122,15550.375847
base,genetic,7,123,15550.375847
base,genetic,7,124,15550.375847
base,genetic,7,125,15550.375847
base,genetic,7,126,15550.375847
base,genetic,7,127,15544.716074
base,genetic,7,128,15544.716074
base,genetic,7,129,15544.716074
base,genetic,7,130,15544.716074
base,genetic,7,131,15544.716074
base,genetic,7,132,15544.716074
base,genetic,7,133,15544.716074
base,genetic,7,134,15544.716074
base,genetic,7,135,15544.716074
base,genetic,7,136,15544.716074
base,genetic,7,137,15544.716074
base,genetic,7,138,15544.716074
base,genetic,7,139,15544.716074
base,genetic,7,140,15544.716074
base,genetic,7,141,15544.716074
base,genetic,7,142,15544.716074
base,genetic,7,143,15544.716074
base,genetic,7,144,15544.716074
base,genetic,7,145,15544.716074
base,genetic,7,146,15544.716074
base,genetic,7,147,15544.716074
base,genetic,7,148,15544.716074
base,genetic,7,149,15544.716074
base,genetic,7,150,15544.716074
base,genetic,7,151,15544.716074
base,genetic,7,152,15544.716074
base,genetic,7,153,15544.716074
base,genetic,7,154,15544.716074
base,genetic,7,155,15544.716074
base,genetic,7,156,15544.716074
base,genetic,7,157,15544.716074
base,genetic,7,158,15544.716074
base,genetic,7,159,15544.716074
base,genetic,7,160,15544.716074
base,genetic,7,161,15544.716074
base,genetic,7,162,15544.716074
base,genetic,7,163,15544.716074
base,genetic,7,164,15544.716074
base,genetic,7,165,15544.716074
base,genetic,7,166,15544.716074
base,genetic,7,167,15544.716074
base,genetic,7,168,15544.716074
base,genetic,7,169,15544.716074
base,genetic,7,170,15544.716074
base,genetic,7,171,15544.716074
base,genetic,7,172,15544.716074
base,genetic,7,173,15544.716074
base,genetic,7,174,15544.716074
base,genetic,7,175,15544.716074
base,genetic,7,176,15544.716074
base,genetic,7,177,15544.716074
base,random,8,1,18684.549885
base,genetic,8,1,16858.583971
base,genetic,8,2,16858.583971
base,genetic,8,3,16702.415674
base,genetic,8,4,16702.415674
base,genetic,8,5,16013.785063
base,genetic,8,6,16013.785063
base,genetic,8,7,16013.785063
base,genetic,8,8,16013.785063
base,genetic,8,9,15882.478004
base,genetic,8,10,15882.478004
base,genetic,8,11,15882.478004
base,genetic,8,12,15817.855804
base,genetic,8,13,15736.949080
base,genetic,8,14,15729.320059
base,genetic,8,15,15729.320059
base,genetic,8,16,15729.320059
base,genetic,8,17,15610.674073
base,genetic,8,18,15610.674073
base,genetic,8,19,15610.674073
base,genetic,8,20,15610.674073
base,genetic,8,21,15610.674073
base,genetic,8,22,15610.674073
base,genetic,8,23,15610.674073
base,genetic,8,24,15610.674073
base,genetic,8,25,15610.674073
base,genetic,8,26,15610.674073
base,genetic,8,27,15610.674073
base,genetic,8,28,15610.674073
base,genetic,8,29,15610.674073
base,genetic,8,30,15610.674073
base,genetic,8,31,15610.674073
base,genetic,8,32,15610.674073
base,genetic,8,33,15610.674073
base,genetic,8,34,15610.674073
base,genetic,8,35,15610.674073
base,genetic,8,36,15610.674073
base,genetic,8,37,15587.935015
base,genetic,8,38,15587.935015
base,genetic,8,39,15587.935015
base,genetic,8,40,15587.935015
base,genetic,8,41,15587.935015
base,genetic,8,42,15587.935015
base,genetic,8,43,15587.935015
base,genetic,8,44,15587.935015
base,genetic,8,45,15587.935015
base,genetic,8,46,15587.935015
base,genetic,8,47,15587.935015
base,genetic,8,48,15587.935015
base,genetic,8,49,15587.935015
base,genetic,8,50,15587.935015
base,genetic,8,51,15587.935015
base,genetic,8,52,15587.935015
base,genetic,8,53,15587.935015
base,genetic,8,54,15587.935015
base,genetic,8,55,15587.935015
base,genetic,8,56,15587.935015
base,genetic,8,57,15587.935015
base,genetic,8,58,15587.935015
base,genetic,8,59,15587.935015
base,genetic,8,60,15587.935015
base,genetic,8,61,15587.935015
base,genetic,8,62,15587.935015
base,genetic,8,63,15587.935015
base,genetic,8,64,15587.935015
base,genetic,8,65,15587.935015
base,genetic,8,66,15587.935015
base,genetic,8,67,15587.935015
base,genetic,8,68,15587.935015
base,genetic,8,69,15587.935015
base,genetic,8,70,15587.935015
base,genetic,8,71,15587.935015
base,genetic,8,72,15587.935015
base,genetic,8,73,15587.935015
base,genetic,8,74,15587.935015
base,genetic,8,75,15587.935015
base,genetic,8,76,15587.935015
base,genetic,8,77,15587.935015
base,genetic,8,78,15587.935015
base,genetic,8,79,15587.935015
base,genetic,8,80,15587.935015
base,genetic,8,81,15587.935015
base,genetic,8,82,15587.935015
base,genetic,8,83,15587.935015
base,genetic,8,84,15587.935015
base,genetic,8,85,15587.935015
base,genetic,8,86,15587.935015
base,genetic,8,87,15587.935015
base,random,9,1,18108.390517
base,genetic,9,1,17105.826796
base,genetic,9,2,17105.826796
base,genetic,9,3,16838.805680
base,genetic,9,4,16045.061825
base,genetic,9,5,16045.061825
base,genetic,9,6,16045.061825
base,genetic,9,7,16045.061825
base,genetic,9,8,16045.061825
base,genetic,9,9,16045.061825
base,genetic,9,10,16045.061825
base,genetic,9,11,16045.061825
base,genetic,9,12,16045.061825
base,genetic,9,13,16045.061825
base,genetic,9,14,15901.248773
base,genetic,9,15,15901.248773
base,genetic,9,16,15624.840767
base,genetic,9,17,15624.840767
base,genetic,9,18,15624.840767
base,genetic,9,19,15624.840767
base,genetic,9,20,15624.840767
base,genetic,9,21,15616.375443
base,genetic,9,22,15616.375443
base,genetic,9,23,15616.375443
base,genetic,9,24,15518.559027
base,genetic,9,25,15518.559027
base,genetic,9,26,15518.559027
base,genetic,9,27,15518.559027
base,genetic,9,28,15518.559027
base,genetic,9,29,15518.559027
base,genetic,9,30,15518.559027
base,genetic,9,31,15518.559027
base,genetic,9,32,15518.559027
base,genetic,9,33,15483.587724
base,genetic,9,34,15483.587724
base,genetic,9,35,15483.587724
base,genetic,9,36,15483.587724
base,genetic,9,37,15483.587724
base,genetic,9,38,15483.587724
base,genetic,9,39,15483.587724
base,genetic,9,40,15483.587724
base,genetic,9,41,15483.587724
base,genetic,9,42,15408.892933
base,genetic,9,43,15406.036349
base,genetic,9,44,15406.036349
base,genetic,9,45,15406.036349
base,genetic,9,46,15406.036349
base,genetic,9,47,15406.036349
base,genetic,9,48,15406.036349
base,genetic,9,49,15406.036349
base,genetic,9,50,15182.295564
base,genetic,9,51,15182.295564
base,genetic,9,52,15182.295564
base,genetic,9,53,15182.295564
base,genetic,9,54,15182.295564
base,genetic,9,55,15179.777589
base,genetic,9,56,15179.777589
base,genetic,9,57,15179.777589
base,genetic,9,58,15179.777589
base,genetic,9,59,15179.777589
base,genetic,9,60,15179.777589
base,genetic,9,61,15179.777589
base,genetic,9,62,15179.777589
base,genetic,9,63,15179.777589
base,genetic,9,64,15179.777589
base,genetic,9,65,15179.777589
base,genetic,9,66,15179.777589
base,genetic,9,67,15179.777589
base,genetic,9,68,15179.777589
base,genetic,9,69,15179.777589
base,genetic,9,70,15179.777589
base,genetic,9,71,15179.777589
base,genetic,9,72,15179.777589
base,genetic,9,73,15179.777589
base,genetic,9,74,15179.777589
base,genetic,9,75,15179.777589
base,genetic,9,76,15179.777589
base,genetic,9,77,15179.777589
base,genetic,9,78,15179.777589
base,genetic,9,79,15179.777589
base,genetic,9,80,15179.777589
base,genetic,9,81,15179.777589
base,genetic,9,82,15179.777589
base,genetic,9,83,15179.777589
base,genetic,9,84,15179.777589
base,genetic,9,85,15179.777589
base,genetic,9,86,15179.777589
base,genetic,9,87,15179.777589
base,genetic,9,88,15179.777589
base,genetic,9,89,15179.777589
base,genetic,9,90,15179.777589
base,genetic,9,91,15179.777589
base,genetic,9,92,15179.777589
base,genetic,9,93,15179.777589
base,genetic,9,94,15179.777589
base,genetic,9,95,15179.777589
base,genetic,9,96,15179.777589
base,genetic,9,97,15179.777589
base,genetic,9,98,15179.777589
base,genetic,9,99,15179.777589
base,genetic,9,100,15179.777589
base,genetic,9,101,15179.777589
base,genetic,9,102,15179.777589
base,genetic,9,103,15179.777589
base,genetic,9,104,15179.777589
base,genetic,9,105,15179.777589
base,random,10,1,2423000.387521
base,genetic,10,1,16800.292741
base,genetic,10,2,16550.852565
base,genetic,10,3,16188.168389
base,genetic,10,4,16188.168389
base,genetic,10,5,15892.967567
base,genetic,10,6,15892.967567
base,genetic,10,7,15892.967567
base,genetic,10,8,15892.967567
base,genetic,10,9,15892.967567
base,genetic,10,10,15892.967567
base,genetic,10,11,15892.967567
base,genetic,10,12,15892.967567
base,genetic,10,13,15765.118507
base,genetic,10,14,15765.118507
base,genetic,10,15,15728.062924
base,genetic,10,16,15728.062924
base,genetic,10,17,15728.062924
base,genetic,10,18,15702.584156
base,genetic,10,19,15664.121993
base,genetic,10,20,15664.121993
base,genetic,10,21,15561.162294
base,genetic,10,22,15561.162294
base,genetic,10,23,15561.162294
base,genetic,10,24,15561.162294
base,genetic,10,25,15561.162294
base,genetic,10,26,15561.162294
base,genetic,10,27,15561.162294
base,genetic,10,28,15561.162294
base,genetic,10,29,15561.162294
base,genetic,10,30,15561.162294
base,genetic,10,31,15561.162294
base,genetic,10,32,15561.162294
base,genetic,10,33,15561.162294
base,genetic,10,34,15561.162294
base,genetic,10,35,15561.162294
base,genetic,10,36,15561.162294
base,genetic,10,37,15561.162294
base,genetic,10,38,15561.162294
base,genetic,10,39,15561.162294
base,genetic,10,40,15561.162294
base,genetic,10,41,15561.162294
base,genetic,10,42,15561.162294
base,genetic,10,43,15561.162294
base,genetic,10,44,15561.162294
base,genetic,10,45,15561.162294
base,genetic,10,46,15561.162294
base,genetic,10,47,15561.162294
base,genetic,10,48,15561.162294
base,genetic,10,49,15561.162294
base,genetic,10,50,15561.162294
base,genetic,10,51,15561.162294
base,genetic,10,52,15561.162294
base,genetic,10,53,15561.162294
base,genetic,10,54,15561.162294
base,genetic,10,55,15561.162294
base,genetic,10,56,15561.162294
base,genetic,10,57,15561.162294
base,genetic,10,58,15561.162294
base,genetic,10,59,15561.162294
base,genetic,10,60,15561.162294
base,genetic,10,61,15561.162294
base,genetic,10,62,15561.162294
base,genetic,10,63,15561.162294
base,genetic,10,64,15561.162294
base,genetic,10,65,15561.162294
base,genetic,10,66,15561.162294
base,genetic,10,67,15561.162294
base,genetic,10,68,15561.162294
base,genetic,10,69,15561.162294
base,genetic,10,70,15561.162294
base,genetic,10,71,15561.162294
alta_prioridade,nearest_neighbor,1,1,30418.391687
alta_prioridade,random,1,1,28554.521172
alta_prioridade,genetic,1,1,27662.813037
alta_prioridade,genetic,1,2,27662.813037
alta_prioridade,genetic,1,3,27610.048059
alta_prioridade,genetic,1,4,27282.218553
alta_prioridade,genetic,1,5,27282.218553
alta_prioridade,genetic,1,6,27282.218553
alta_prioridade,genetic,1,7,27282.218553
alta_prioridade,genetic,1,8,27282.218553
alta_prioridade,genetic,1,9,27282.218553
alta_prioridade,genetic,1,10,27282.218553
alta_prioridade,genetic,1,11,27282.218553
alta_prioridade,genetic,1,12,27169.716624
alta_prioridade,genetic,1,13,27169.716624
alta_prioridade,genetic,1,14,27169.716624
alta_prioridade,genetic,1,15,27092.662278
alta_prioridade,genetic,1,16,27092.662278
alta_prioridade,genetic,1,17,27092.662278
alta_prioridade,genetic,1,18,27092.662278
alta_prioridade,genetic,1,19,27088.871983
alta_prioridade,genetic,1,20,27088.871983
alta_prioridade,genetic,1,21,27088.871983
alta_prioridade,genetic,1,22,27088.871983
alta_prioridade,genetic,1,23,27088.871983
alta_prioridade,genetic,1,24,27088.871983
alta_prioridade,genetic,1,25,27064.402755
alta_prioridade,genetic,1,26,27064.402755
alta_prioridade,genetic,1,27,27064.402755
alta_prioridade,genetic,1,28,27064.402755
alta_prioridade,genetic,1,29,27064.402755
alta_prioridade,genetic,1,30,27064.402755
alta_prioridade,genetic,1,31,27064.402755
alta_prioridade,genetic,1,32,27064.402755
alta_prioridade,genetic,1,33,27064.402755
alta_prioridade,genetic,1,34,27064.402755
alta_prioridade,genetic,1,35,27064.402755
alta_prioridade,genetic,1,36,27064.402755
alta_prioridade,genetic,1,37,27064.402755
alta_prioridade,genetic,1,38,27064.402755
alta_prioridade,genetic,1,39,27064.402755
alta_prioridade,genetic,1,40,27064.402755
alta_prioridade,genetic,1,41,27064.402755
alta_prioridade,genetic,1,42,27064.402755
alta_prioridade,genetic,1,43,27064.402755
alta_prioridade,genetic,1,44,27064.402755
alta_prioridade,genetic,1,45,27064.402755
alta_prioridade,genetic,1,46,27064.402755
alta_prioridade,genetic,1,47,27064.402755
alta_prioridade,genetic,1,48,27064.402755
alta_prioridade,genetic,1,49,27064.402755
alta_prioridade,genetic,1,50,27064.402755
alta_prioridade,genetic,1,51,27064.402755
alta_prioridade,genetic,1,52,27064.402755
alta_prioridade,genetic,1,53,27064.402755
alta_prioridade,genetic,1,54,27064.402755
alta_prioridade,genetic,1,55,27058.107966
alta_prioridade,genetic,1,56,27058.107966
alta_prioridade,genetic,1,57,27058.107966
alta_prioridade,genetic,1,58,27058.107966
alta_prioridade,genetic,1,59,27058.107966
alta_prioridade,genetic,1,60,27058.107966
alta_prioridade,genetic,1,61,27058.107966
alta_prioridade,genetic,1,62,27058.107966
alta_prioridade,genetic,1,63,27058.107966
alta_prioridade,genetic,1,64,27058.107966
alta_prioridade,genetic,1,65,27058.107966
alta_prioridade,genetic,1,66,27058.107966
alta_prioridade,genetic,1,67,27058.107966
alta_prioridade,genetic,1,68,27047.259862
alta_prioridade,genetic,1,69,27047.259862
alta_prioridade,genetic,1,70,27047.259862
alta_prioridade,genetic,1,71,27047.259862
alta_prioridade,genetic,1,72,27047.259862
alta_prioridade,genetic,1,73,27047.259862
alta_prioridade,genetic,1,74,27047.259862
alta_prioridade,genetic,1,75,27047.259862
alta_prioridade,genetic,1,76,27047.259862
alta_prioridade,genetic,1,77,27047.259862
alta_prioridade,genetic,1,78,27047.259862
alta_prioridade,genetic,1,79,27047.259862
alta_prioridade,genetic,1,80,27047.259862
alta_prioridade,genetic,1,81,27047.259862
alta_prioridade,genetic,1,82,27047.259862
alta_prioridade,genetic,1,83,27047.259862
alta_prioridade,genetic,1,84,27047.259862
alta_prioridade,genetic,1,85,27047.259862
alta_prioridade,genetic,1,86,27047.259862
alta_prioridade,genetic,1,87,27047.259862
alta_prioridade,genetic,1,88,27047.259862
alta_prioridade,genetic,1,89,27047.259862
alta_prioridade,genetic,1,90,27047.259862
alta_prioridade,genetic,1,91,27047.259862
alta_prioridade,genetic,1,92,27047.259862
alta_prioridade,genetic,1,93,27047.259862
alta_prioridade,genetic,1,94,27047.259862
alta_prioridade,genetic,1,95,27047.259862
alta_prioridade,genetic,1,96,27047.259862
alta_prioridade,genetic,1,97,27047.259862
alta_prioridade,genetic,1,98,27047.259862
alta_prioridade,genetic,1,99,27047.259862
alta_prioridade,genetic,1,100,27047.259862
alta_prioridade,genetic,1,101,27047.259862
alta_prioridade,genetic,1,102,27047.259862
alta_prioridade,genetic,1,103,27047.259862
alta_prioridade,genetic,1,104,27047.259862
alta_prioridade,genetic,1,105,27047.259862
alta_prioridade,genetic,1,106,27047.259862
alta_prioridade,genetic,1,107,27047.259862
alta_prioridade,genetic,1,108,27047.259862
alta_prioridade,genetic,1,109,27047.259862
alta_prioridade,genetic,1,110,27047.259862
alta_prioridade,genetic,1,111,27047.259862
alta_prioridade,genetic,1,112,27047.259862
alta_prioridade,genetic,1,113,27047.259862
alta_prioridade,genetic,1,114,27047.259862
alta_prioridade,genetic,1,115,27047.259862
alta_prioridade,genetic,1,116,27047.259862
alta_prioridade,genetic,1,117,27047.259862
alta_prioridade,genetic,1,118,27047.259862
alta_prioridade,random,2,1,28156.311009
alta_prioridade,genetic,2,1,27727.531563
alta_prioridade,genetic,2,2,27685.616081
alta_prioridade,genetic,2,3,27491.679711
alta_prioridade,genetic,2,4,27491.679711
alta_prioridade,genetic,2,5,27450.210928
alta_prioridade,genetic,2,6,27201.016342
alta_prioridade,genetic,2,7,27201.016342
alta_prioridade,genetic,2,8,27201.016342
alta_prioridade,genetic,2,9,27138.328415
alta_prioridade,genetic,2,10,27138.328415
alta_prioridade,genetic,2,11,27138.328415
alta_prioridade,genetic,2,12,27096.639351
alta_prioridade,genetic,2,13,27096.639351
alta_prioridade,genetic,2,14,27096.639351
alta_prioridade,genetic,2,15,27096.639351
alta_prioridade,genetic,2,16,27096.639351
alta_prioridade,genetic,2,17,27096.639351
alta_prioridade,genetic,2,18,27096.639351
alta_prioridade,genetic,2,19,27096.639351
alta_prioridade,genetic,2,20,27096.639351
alta_prioridade,genetic,2,21,27096.639351
alta_prioridade,genetic,2,22,27096.639351
alta_prioridade,genetic,2,23,27096.639351
alta_prioridade,genetic,2,24,27092.662278
alta_prioridade,genetic,2,25,27092.662278
alta_prioridade,genetic,2,26,27092.662278
alta_prioridade,genetic,2,27,27092.662278
alta_prioridade,genetic,2,28,27092.662278
alta_prioridade,genetic,2,29,27092.662278
alta_prioridade,genetic,2,30,27092.662278
alta_prioridade,genetic,2,31,27092.662278
alta_prioridade,genetic,2,32,27092.662278
alta_prioridade,genetic,2,33,27092.662278
alta_prioridade,genetic,2,34,27092.662278
alta_prioridade,genetic,2,35,27092.662278
alta_prioridade,genetic,2,36,27092.662278
alta_prioridade,genetic,2,37,27092.662278
alta_prioridade,genetic,2,38,27092.662278
alta_prioridade,genetic,2,39,27092.662278
alta_prioridade,genetic,2,40,27092.662278
alta_prioridade,genetic,2,41,27092.662278
alta_prioridade,genetic,2,42,27092.662278
alta_prioridade,genetic,2,43,27092.662278
alta_prioridade,genetic,2,44,27092.662278
alta_prioridade,genetic,2,45,27092.662278
alta_prioridade,genetic,2,46,27092.662278
alta_prioridade,genetic,2,47,27092.662278
alta_prioridade,genetic,2,48,27092.662278
alta_prioridade,genetic,2,49,27092.662278
alta_prioridade,genetic,2,50,27092.662278
alta_prioridade,genetic,2,51,27092.662278
alta_prioridade,genetic,2,52,27092.662278
alta_prioridade,genetic,2,53,27092.662278
alta_prioridade,genetic,2,54,27092.662278
alta_prioridade,genetic,2,55,27092.662278
alta_prioridade,genetic,2,56,27055.708680
alta_prioridade,genetic,2,57,27055.708680
alta_prioridade,genetic,2,58,27055.708680
alta_prioridade,genetic,2,59,27055.708680
alta_prioridade,genetic,2,60,27055.708680
alta_prioridade,genetic,2,61,27055.708680
alta_prioridade,genetic,2,62,27055.708680
alta_prioridade,genetic,2,63,27055.708680
alta_prioridade,genetic,2,64,27055.708680
alta_prioridade,genetic,2,65,27055.708680
alta_prioridade,genetic,2,66,27055.708680
alta_prioridade,genetic,2,67,27055.708680
alta_prioridade,genetic,2,68,27055.708680
alta_prioridade,genetic,2,69,27055.708680
alta_prioridade,genetic,2,70,27055.708680
alta_prioridade,genetic,2,71,27055.708680
alta_prioridade,genetic,2,72,27055.708680
alta_prioridade,genetic,2,73,27055.708680
alta_prioridade,genetic,2,74,27055.708680
alta_prioridade,genetic,2,75,27055.708680
alta_prioridade,genetic,2,76,26998.590827
alta_prioridade,genetic,2,77,26998.590827
alta_prioridade,genetic,2,78,26998.590827
alta_prioridade,genetic,2,79,26998.590827
alta_prioridade,genetic,2,80,26998.590827
alta_prioridade,genetic,2,81,26998.590827
alta_prioridade,genetic,2,82,26998.590827
alta_prioridade,genetic,2,83,26998.590827
alta_prioridade,genetic,2,84,26971.759500
alta_prioridade,genetic,2,85,26930.070436
alta_prioridade,genetic,2,86,26930.070436
alta_prioridade,genetic,2,87,26930.070436
alta_prioridade,genetic,2,88,26930.070436
alta_prioridade,genetic,2,89,26930.070436
alta_prioridade,genetic,2,90,26930.070436
alta_prioridade,genetic,2,91,26930.070436
alta_prioridade,genetic,2,92,26930.070436
alta_prioridade,genetic,2,93,26930.070436
alta_prioridade,genetic,2,94,26930.070436
alta_prioridade,genetic,2,95,26930.070436
alta_prioridade,genetic,2,96,26930.070436
alta_prioridade,genetic,2,97,26930.070436
alta_prioridade,genetic,2,98,26930.070436
alta_prioridade,genetic,2,99,26930.070436
alta_prioridade,genetic,2,100,26930.070436
alta_prioridade,genetic,2,101,26930.070436
alta_prioridade,genetic,2,102,26930.070436
alta_prioridade,genetic,2,103,26930.070436
alta_prioridade,genetic,2,104,26930.070436
alta_prioridade,genetic,2,105,26930.070436
alta_prioridade,genetic,2,106,26930.070436
alta_prioridade,genetic,2,107,26930.070436
alta_prioridade,genetic,2,108,26930.070436
alta_prioridade,genetic,2,109,26930.070436
alta_prioridade,genetic,2,110,26930.070436
alta_prioridade,genetic,2,111,26930.070436
alta_prioridade,genetic,2,112,26930.070436
alta_prioridade,genetic,2,113,26930.070436
alta_prioridade,genetic,2,114,26930.070436
alta_prioridade,genetic,2,115,26930.070436
alta_prioridade,genetic,2,116,26930.070436
alta_prioridade,genetic,2,117,26930.070436
alta_prioridade,genetic,2,118,26930.070436
alta_prioridade,genetic,2,119,26930.070436
alta_prioridade,genetic,2,120,26930.070436
alta_prioridade,genetic,2,121,26930.070436
alta_prioridade,genetic,2,122,26930.070436
alta_prioridade,genetic,2,123,26930.070436
alta_prioridade,genetic,2,124,26930.070436
alta_prioridade,genetic,2,125,26930.070436
alta_prioridade,genetic,2,126,26930.070436
alta_prioridade,genetic,2,127,26930.070436
alta_prioridade,genetic,2,128,26930.070436
alta_prioridade,genetic,2,129,26930.070436
alta_prioridade,genetic,2,130,26930.070436
alta_prioridade,genetic,2,131,26930.070436
alta_prioridade,genetic,2,132,26930.070436
alta_prioridade,genetic,2,133,26930.070436
alta_prioridade,genetic,2,134,26930.070436
alta_prioridade,genetic,2,135,26930.070436
alta_prioridade,random,3,1,28192.527183
alta_prioridade,genetic,3,1,27757.708786
alta_prioridade,genetic,3,2,27753.424593
alta_prioridade,genetic,3,3,27693.012525
alta_prioridade,genetic,3,4,27693.012525
alta_prioridade,genetic,3,5,27304.493716
alta_prioridade,genetic,3,6,27304.493716
alta_prioridade,genetic,3,7,27304.493716
alta_prioridade,genetic,3,8,27304.493716
alta_prioridade,genetic,3,9,27304.493716
alta_prioridade,genetic,3,10,27267.098665
alta_prioridade,genetic,3,11,27267.098665
alta_prioridade,genetic,3,12,27267.098665
alta_prioridade,genetic,3,13,27267.098665
alta_prioridade,genetic,3,14,27212.645452
alta_prioridade,genetic,3,15,27212.645452
alta_prioridade,genetic,3,16,27212.645452
alta_prioridade,genetic,3,17,27212.645452
alta_prioridade,genetic,3,18,27212.645452
alta_prioridade,genetic,3,19,27137.544342
alta_prioridade,genetic,3,20,27137.544342
alta_prioridade,genetic,3,21,27137.544342
alta_prioridade,genetic,3,22,27137.544342
alta_prioridade,genetic,3,23,27137.544342
alta_prioridade,genetic,3,24,27137.544342
alta_prioridade,genetic,3,25,27137.544342
alta_prioridade,genetic,3,26,27137.544342
alta_prioridade,genetic,3,27,27137.544342
alta_prioridade,genetic,3,28,27137.544342
alta_prioridade,genetic,3,29,27137.544342
alta_prioridade,genetic,3,30,27137.544342
alta_prioridade,genetic,3,31,27137.544342
alta_prioridade,genetic,3,32,27137.544342
alta_prioridade,genetic,3,33,27137.544342
alta_prioridade,genetic,3,34,27137.544342
alta_prioridade,genetic,3,35,27137.544342
alta_prioridade,genetic,3,36,27137.544342
alta_prioridade,genetic,3,37,27137.544342
alta_prioridade,genetic,3,38,27137.544342
alta_prioridade,genetic,3,39,27108.172022
alta_prioridade,genetic,3,40,27108.172022
alta_prioridade,genetic,3,41,27108.172022
alta_prioridade,genetic,3,42,27108.172022
alta_prioridade,genetic,3,43,27108.172022
alta_prioridade,genetic,3,44,27108.172022
alta_prioridade,genetic,3,45,27088.871983
alta_prioridade,genetic,3,46,27088.871983
alta_prioridade,genetic,3,47,27088.871983
alta_prioridade,genetic,3,48,27088.871983
alta_prioridade,genetic,3,49,27088.871983
alta_prioridade,genetic,3,50,27067.284678
alta_prioridade,genetic,3,51,27067.284678
alta_prioridade,genetic,3,52,27067.284678
alta_prioridade,genetic,3,53,27067.284678
alta_prioridade,genetic,3,54,27067.284678
alta_prioridade,genetic,3,55,27067.284678
alta_prioridade,genetic,3,56,27067.284678
alta_prioridade,genetic,3,57,27067.284678
alta_prioridade,genetic,3,58,27067.284678
alta_prioridade,genetic,3,59,27067.284678
alta_prioridade,genetic,3,60,27067.284678
alta_prioridade,genetic,3,61,27067.284678
alta_prioridade,genetic,3,62,27067.284678
alta_prioridade,genetic,3,63,27067.284678
alta_prioridade,genetic,3,64,27067.284678
alta_prioridade,genetic,3,65,27067.284678
alta_prioridade,genetic,3,66,27067.284678
alta_prioridade,genetic,3,67,27067.284678
alta_prioridade,genetic,3,68,27067.284678
alta_prioridade,genetic,3,69,27067.284678
alta_prioridade,genetic,3,70,27067.284678
alta_prioridade,genetic,3,71,27067.284678
alta_prioridade,genetic,3,72,27067.284678
alta_prioridade,genetic,3,73,27067.284678
alta_prioridade,genetic,3,74,27067.284678
alta_prioridade,genetic,3,75,27067.284678
alta_prioridade,genetic,3,76,27067.284678
alta_prioridade,genetic,3,77,27067.284678
alta_prioridade,genetic,3,78,27067.284678
alta_prioridade,genetic,3,79,27067.284678
alta_prioridade,genetic,3,80,27067.284678
alta_prioridade,genetic,3,81,27067.284678
alta_prioridade,genetic,3,82,27067.284678
alta_prioridade,genetic,3,83,27067.284678
alta_prioridade,genetic,3,84,27067.284678
alta_prioridade,genetic,3,85,27067.284678
alta_prioridade,genetic,3,86,27067.284678
alta_prioridade,genetic,3,87,27067.284678
alta_prioridade,genetic,3,88,27067.284678
alta_prioridade,genetic,3,89,27067.284678
alta_prioridade,genetic,3,90,27067.284678
alta_prioridade,genetic,3,91,27067.284678
alta_prioridade,genetic,3,92,27067.284678
alta_prioridade,genetic,3,93,27067.284678
alta_prioridade,genetic,3,94,27067.284678
alta_prioridade,genetic,3,95,27067.284678
alta_prioridade,genetic,3,96,27067.284678
alta_prioridade,genetic,3,97,27067.284678
alta_prioridade,genetic,3,98,27067.284678
alta_prioridade,genetic,3,99,27067.284678
alta_prioridade,genetic,3,100,27067.284678
alta_prioridade,random,4,1,28065.005027
alta_prioridade,genetic,4,1,27760.842832
alta_prioridade,genetic,4,2,27760.842832
alta_prioridade,genetic,4,3,27539.142418
alta_prioridade,genetic,4,4,27539.142418
alta_prioridade,genetic,4,5,27484.080052
alta_prioridade,genetic,4,6,27227.247163
alta_prioridade,genetic,4,7,27227.247163
alta_prioridade,genetic,4,8,27227.247163
alta_prioridade,genetic,4,9,27227.247163
alta_prioridade,genetic,4,10,27145.720076
alta_prioridade,genetic,4,11,27145.720076
alta_prioridade,genetic,4,12,27145.720076
alta_prioridade,genetic,4,13,27145.720076
alta_prioridade,genetic,4,14,27145.720076
alta_prioridade,genetic,4,15,27145.720076
alta_prioridade,genetic,4,16,26991.224502
alta_prioridade,genetic,4,17,26991.224502
alta_prioridade,genetic,4,18,26991.224502
alta_prioridade,genetic,4,19,26976.349085
alta_prioridade,genetic,4,20,26976.349085
alta_prioridade,genetic,4,21,26976.349085
alta_prioridade,genetic,4,22,26976.349085
alta_prioridade,genetic,4,23,26971.508093
alta_prioridade,genetic,4,24,26971.508093
alta_prioridade,genetic,4,25,26929.819029
alta_prioridade,genetic,4,26,26929.819029
alta_prioridade,genetic,4,27,26929.819029
alta_prioridade,genetic,4,28,26929.819029
alta_prioridade,genetic,4,29,26929.819029
alta_prioridade,genetic,4,30,26929.819029
alta_prioridade,genetic,4,31,26929.819029
alta_prioridade,genetic,4,32,26929.819029
alta_prioridade,genetic,4,33,26929.819029
alta_prioridade,genetic,4,34,26929.819029
alta_prioridade,genetic,4,35,26929.819029
alta_prioridade,genetic,4,36,26929.819029
alta_prioridade,genetic,4,37,26929.819029
alta_prioridade,genetic,4,38,26929.819029
alta_prioridade,genetic,4,39,26929.819029
alta_prioridade,genetic,4,40,26929.819029
alta_prioridade,genetic,4,41,26929.819029
alta_prioridade,genetic,4,42,26929.819029
alta_prioridade,genetic,4,43,26929.819029
alta_prioridade,genetic,4,44,26929.819029
alta_prioridade,genetic,4,45,26929.819029
alta_prioridade,genetic,4,46,26929.819029
alta_prioridade,genetic,4,47,26929.819029
alta_prioridade,genetic,4,48,26929.819029
alta_prioridade,genetic,4,49,26929.819029
alta_prioridade,genetic,4,50,26929.819029
alta_prioridade,genetic,4,51,26929.819029
alta_prioridade,genetic,4,52,26929.819029
alta_prioridade,genetic,4,53,26929.819029
alta_prioridade,genetic,4,54,26929.819029
alta_prioridade,genetic,4,55,26929.819029
alta_prioridade,genetic,4,56,26929.819029
alta_prioridade,genetic,4,57,26929.819029
alta_prioridade,genetic,4,58,26929.819029
alta_prioridade,genetic,4,59,26929.819029
alta_prioridade,genetic,4,60,26929.819029
alta_prioridade,genetic,4,61,26929.819029
alta_prioridade,genetic,4,62,26929.819029
alta_prioridade,genetic,4,63,26929.819029
alta_prioridade,genetic,4,64,26929.819029
alta_prioridade,genetic,4,65,26929.819029
alta_prioridade,genetic,4,66,26929.819029
alta_prioridade,genetic,4,67,26929.819029
alta_prioridade,genetic,4,68,26929.819029
alta_prioridade,genetic,4,69,26929.819029
alta_prioridade,genetic,4,70,26929.819029
alta_prioridade,genetic,4,71,26929.819029
alta_prioridade,genetic,4,72,26929.819029
alta_prioridade,genetic,4,73,26929.819029
alta_prioridade,genetic,4,74,26929.819029
alta_prioridade,genetic,4,75,26929.819029
alta_prioridade,random,5,1,28293.060344
alta_prioridade,genetic,5,1,27559.098594
alta_prioridade,genetic,5,2,27559.098594
alta_prioridade,genetic,5,3,27559.098594
alta_prioridade,genetic,5,4,27552.699680
alta_prioridade,genetic,5,5,27552.699680
alta_prioridade,genetic,5,6,27552.699680
alta_prioridade,genetic,5,7,27539.234946
alta_prioridade,genetic,5,8,27491.485966
alta_prioridade,genetic,5,9,27491.485966
alta_prioridade,genetic,5,10,27491.485966
alta_prioridade,genetic,5,11,27491.485966
alta_prioridade,genetic,5,12,27491.485966
alta_prioridade,genetic,5,13,27479.353210
alta_prioridade,genetic,5,14,27474.151549
alta_prioridade,genetic,5,15,27470.692307
alta_prioridade,genetic,5,16,27350.817183
alta_prioridade,genetic,5,17,27350.817183
alta_prioridade,genetic,5,18,27350.817183
alta_prioridade,genetic,5,19,27226.352172
alta_prioridade,genetic,5,20,27226.352172
alta_prioridade,genetic,5,21,27226.352172
alta_prioridade,genetic,5,22,27226.352172
alta_prioridade,genetic,5,23,27226.352172
alta_prioridade,genetic,5,24,27226.352172
alta_prioridade,genetic,5,25,27226.352172
alta_prioridade,genetic,5,26,27226.352172
alta_prioridade,genetic,5,27,27226.352172
alta_prioridade,genetic,5,28,27226.352172
alta_prioridade,genetic,5,29,27226.352172
alta_prioridade,genetic,5,30,27226.352172
alta_prioridade,genetic,5,31,27226.352172
alta_prioridade,genetic,5,32,27226.352172
alta_prioridade,genetic,5,33,27226.352172
alta_prioridade,genetic,5,34,27226.352172
alta_prioridade,genetic,5,35,27226.352172
alta_prioridade,genetic,5,36,27226.352172
alta_prioridade,genetic,5,37,27226.352172
alta_prioridade,genetic,5,38,27226.352172
alta_prioridade,genetic,5,39,27226.352172
alta_prioridade,genetic,5,40,27226.352172
alta_prioridade,genetic,5,41,27226.352172
alta_prioridade,genetic,5,42,27226.352172
alta_prioridade,genetic,5,43,27226.352172
alta_prioridade,genetic,5,44,27226.352172
alta_prioridade,genetic,5,45,27226.352172
alta_prioridade,genetic,5,46,27226.352172
alta_prioridade,genetic,5,47,27226.352172
alta_prioridade,genetic,5,48,27226.352172
alta_prioridade,genetic,5,49,27226.352172
alta_prioridade,genetic,5,50,27226.352172
alta_prioridade,genetic,5,51,27226.352172
alta_prioridade,genetic,5,52,27226.352172
alta_prioridade,genetic,5,53,27226.352172
alta_prioridade,genetic,5,54,27226.352172
alta_prioridade,genetic,5,55,27226.352172
alta_prioridade,genetic,5,56,27226.352172
alta_prioridade,genetic,5,57,27226.352172
alta_prioridade,genetic,5,58,27226.352172
alta_prioridade,genetic,5,59,27226.352172
alta_prioridade,genetic,5,60,27226.352172
alta_prioridade,genetic,5,61,27226.352172
alta_prioridade,genetic,5,62,27226.352172
alta_prioridade,genetic,5,63,27226.352172
alta_prioridade,genetic,5,64,27226.352172
alta_prioridade,genetic,5,65,27226.352172
alta_prioridade,genetic,5,66,27226.352172
alta_prioridade,genetic,5,67,27226.352172
alta_prioridade,genetic,5,68,27226.352172
alta_prioridade,genetic,5,69,27226.352172
alta_prioridade,random,6,1,28412.856858
alta_prioridade,genetic,6,1,27715.862899
alta_prioridade,genetic,6,2,27707.012669
alta_prioridade,genetic,6,3,27690.491971
alta_prioridade,genetic,6,4,27398.588875
alta_prioridade,genetic,6,5,27315.757463
alta_prioridade,genetic,6,6,27315.757463
alta_prioridade,genetic,6,7,27315.757463
alta_prioridade,genetic,6,8,27315.757463
alta_prioridade,genetic,6,9,27262.286603
alta_prioridade,genetic,6,10,27262.286603
alta_prioridade,genetic,6,11,27262.286603
alta_prioridade,genetic,6,12,27262.286603
alta_prioridade,genetic,6,13,27262.286603
alta_prioridade,genetic,6,14,27262.286603
alta_prioridade,genetic,6,15,27262.286603
alta_prioridade,genetic,6,16,27262.286603
alta_prioridade,genetic,6,17,27262.286603
alta_prioridade,genetic,6,18,27254.904320
alta_prioridade,genetic,6,19,27159.327279
alta_prioridade,genetic,6,20,27159.327279
alta_prioridade,genetic,6,21,27142.330608
alta_prioridade,genetic,6,22,27142.330608
alta_prioridade,genetic,6,23,27093.005726
alta_prioridade,genetic,6,24,27093.005726
alta_prioridade,genetic,6,25,27093.005726
alta_prioridade,genetic,6,26,27007.428311
alta_prioridade,genetic,6,27,26965.739247
alta_prioridade,genetic,6,28,26965.739247
alta_prioridade,genetic,6,29,26965.739247
alta_prioridade,genetic,6,30,26965.739247
alta_prioridade,genetic,6,31,26965.739247
alta_prioridade,genetic,6,32,26965.739247
alta_prioridade,genetic,6,33,26965.739247
alta_prioridade,genetic,6,34,26965.739247
alta_prioridade,genetic,6,35,26965.739247
alta_prioridade,genetic,6,36,26965.739247
alta_prioridade,genetic,6,37,26965.739247
alta_prioridade,genetic,6,38,26965.739247
alta_prioridade,genetic,6,39,26965.739247
alta_prioridade,genetic,6,40,26965.739247
alta_prioridade,genetic,6,41,26965.739247
alta_prioridade,genetic,6,42,26965.739247
alta_prioridade,genetic,6,43,26965.739247
alta_prioridade,genetic,6,44,26965.739247
alta_prioridade,genetic,6,45,26965.739247
alta_prioridade,genetic,6,46,26965.739247
alta_prioridade,genetic,6,47,26965.739247
alta_prioridade,genetic,6,48,26965.739247
alta_prioridade,genetic,6,49,26965.739247
alta_prioridade,genetic,6,50,26965.739247
alta_prioridade,genetic,6,51,26843.497597
alta_prioridade,genetic,6,52,26843.497597
alta_prioridade,genetic,6,53,26843.497597
alta_prioridade,genetic,6,54,26843.497597
alta_prioridade,genetic,6,55,26843.497597
alta_prioridade,genetic,6,56,26843.497597
alta_prioridade,genetic,6,57,26843.497597
alta_prioridade,genetic,6,58,26843.497597
alta_prioridade,genetic,6,59,26843.497597
alta_prioridade,genetic,6,60,26843.497597
alta_prioridade,genetic,6,61,26843.497597
alta_prioridade,genetic,6,62,26843.497597
alta_prioridade,genetic,6,63,26843.497597
alta_prioridade,genetic,6,64,26843.497597
alta_prioridade,genetic,6,65,26843.497597
alta_prioridade,genetic,6,66,26843.497597
alta_prioridade,genetic,6,67,26843.497597
alta_prioridade,genetic,6,68,26843.497597
alta_prioridade,genetic,6,69,26843.497597
alta_prioridade,genetic,6,70,26843.497597
alta_prioridade,genetic,6,71,26843.497597
alta_prioridade,genetic,6,72,26843.497597
alta_prioridade,genetic,6,73,26843.497597
alta_prioridade,genetic,6,74,26843.497597
alta_prioridade,genetic,6,75,26843.497597
alta_prioridade,genetic,6,76,26843.497597
alta_prioridade,genetic,6,77,26843.497597
alta_prioridade,genetic,6,78,26843.497597
alta_prioridade,genetic,6,79,26843.497597
alta_prioridade,genetic,6,80,26843.497597
alta_prioridade,genetic,6,81,26843.497597
alta_prioridade,genetic,6,82,26843.497597
alta_prioridade,genetic,6,83,26843.497597
alta_prioridade,genetic,6,84,26843.497597
alta_prioridade,genetic,6,85,26843.497597
alta_prioridade,genetic,6,86,26843.497597
alta_prioridade,genetic,6,87,26843.497597
alta_prioridade,genetic,6,88,26843.497597
alta_prioridade,genetic,6,89,26843.497597
alta_prioridade,genetic,6,90,26843.497597
alta_prioridade,genetic,6,91,26843.497597
alta_prioridade,genetic,6,92,26843.497597
alta_prioridade,genetic,6,93,26843.497597
alta_prioridade,genetic,6,94,26843.497597
alta_prioridade,genetic,6,95,26843.497597
alta_prioridade,genetic,6,96,26843.497597
alta_prioridade,genetic,6,97,26843.497597
alta_prioridade,genetic,6,98,26843.497597
alta_prioridade,genetic,6,99,26843.497597
alta_prioridade,genetic,6,100,26843.497597
alta_prioridade,genetic,6,101,26843.497597
alta_prioridade,random,7,1,28650.653833
alta_prioridade,genetic,7,1,27606.846389
alta_prioridade,genetic,7,2,27556.743006
alta_prioridade,genetic,7,3,27524.177409
alta_prioridade,genetic,7,4,27524.177409
alta_prioridade,genetic,7,5,27524.177409
alta_prioridade,genetic,7,6,27377.808093
alta_prioridade,genetic,7,7,27377.808093
alta_prioridade,genetic,7,8,27358.832059
alta_prioridade,genetic,7,9,27358.832059
alta_prioridade,genetic,7,10,27205.149073
alta_prioridade,genetic,7,11,27205.149073
alta_prioridade,genetic,7,12,27205.149073
alta_prioridade,genetic,7,13,27138.328415
alta_prioridade,genetic,7,14,27138.328415
alta_prioridade,genetic,7,15,27138.328415
alta_prioridade,genetic,7,16,27138.328415
alta_prioridade,genetic,7,17,27092.662278
alta_prioridade,genetic,7,18,27092.662278
alta_prioridade,genetic,7,19,27092.662278
alta_prioridade,genetic,7,20,27092.662278
alta_prioridade,genetic,7,21,27070.566417
alta_prioridade,genetic,7,22,27070.566417
alta_prioridade,genetic,7,23,27070.566417
alta_prioridade,genetic,7,24,27017.292694
alta_prioridade,genetic,7,25,27017.292694
alta_prioridade,genetic,7,26,27017.292694
alta_prioridade,genetic,7,27,27017.292694
alta_prioridade,genetic,7,28,27017.292694
alta_prioridade,genetic,7,29,27017.292694
alta_prioridade,genetic,7,30,27017.292694
alta_prioridade,genetic,7,31,27017.292694
alta_prioridade,genetic,7,32,27017.292694
alta_prioridade,genetic,7,33,26942.313309
alta_prioridade,genetic,7,34,26942.313309
alta_prioridade,genetic,7,35,26942.313309
alta_prioridade,genetic,7,36,26942.313309
alta_prioridade,genetic,7,37,26942.313309
alta_prioridade,genetic,7,38,26942.313309
alta_prioridade,genetic,7,39,26942.313309
alta_prioridade,genetic,7,40,26942.313309
alta_prioridade,genetic,7,41,26942.313309
alta_prioridade,genetic,7,42,26942.313309
alta_prioridade,genetic,7,43,26942.313309
alta_prioridade,genetic,7,44,26942.313309
alta_prioridade,genetic,7,45,26942.313309
alta_prioridade,genetic,7,46,26942.313309
alta_prioridade,genetic,7,47,26942.313309
alta_prioridade,genetic,7,48,26942.313309
alta_prioridade,genetic,7,49,26942.313309
alta_prioridade,genetic,7,50,26942.313309
alta_prioridade,genetic,7,51,26942.313309
alta_prioridade,genetic,7,52,26942.313309
alta_prioridade,genetic,7,53,26942.313309
alta_prioridade,genetic,7,54,26942.313309
alta_prioridade,genetic,7,55,26942.313309
alta_prioridade,genetic,7,56,26942.313309
alta_prioridade,genetic,7,57,26942.313309
alta_prioridade,genetic,7,58,26942.313309
alta_prioridade,genetic,7,59,26942.313309
alta_prioridade,genetic,7,60,26942.313309
alta_prioridade,genetic,7,61,26942.313309
alta_prioridade,genetic,7,62,26942.313309
alta_prioridade,genetic,7,63,26942.313309
alta_prioridade,genetic,7,64,26942.313309
alta_prioridade,genetic,7,65,26942.313309
alta_prioridade,genetic,7,66,26942.313309
alta_prioridade,genetic,7,67,26942.313309
alta_prioridade,genetic,7,68,26942.313309
alta_prioridade,genetic,7,69,26942.313309
alta_prioridade,genetic,7,70,26942.313309
alta_prioridade,genetic,7,71,26942.313309
alta_prioridade,genetic,7,72,26942.313309
alta_prioridade,genetic,7,73,26942.313309
alta_prioridade,genetic,7,74,26942.313309
alta_prioridade,genetic,7,75,26942.313309
alta_prioridade,genetic,7,76,26942.313309
alta_prioridade,genetic,7,77,26942.313309
alta_prioridade,genetic,7,78,26942.313309
alta_prioridade,genetic,7,79,26942.313309
alta_prioridade,genetic,7,80,26942.313309
alta_prioridade,genetic,7,81,26942.313309
alta_prioridade,genetic,7,82,26942.313309
alta_prioridade,genetic,7,83,26942.313309
alta_prioridade,random,8,1,28696.817747
alta_prioridade,genetic,8,1,27808.583971
alta_prioridade,genetic,8,2,27665.890840
alta_prioridade,genetic,8,3,27665.890840
alta_prioridade,genetic,8,4,27665.890840
alta_prioridade,genetic,8,5,27632.631994
alta_prioridade,genetic,8,6,27511.204587
alta_prioridade,genetic,8,7,27458.857461
alta_prioridade,genetic,8,8,27374.833433
alta_prioridade,genetic,8,9,27374.833433
alta_prioridade,genetic,8,10,27187.425526
alta_prioridade,genetic,8,11,27187.425526
alta_prioridade,genetic,8,12,27187.425526
alta_prioridade,genetic,8,13,27187.425526
alta_prioridade,genetic,8,14,27187.425526
alta_prioridade,genetic,8,15,27139.632678
alta_prioridade,genetic,8,16,27139.632678
alta_prioridade,genetic,8,17,27139.632678
alta_prioridade,genetic,8,18,27139.632678
alta_prioridade,genetic,8,19,27139.632678
alta_prioridade,genetic,8,20,27139.632678
alta_prioridade,genetic,8,21,27139.632678
alta_prioridade,genetic,8,22,27139.632678
alta_prioridade,genetic,8,23,27139.632678
alta_prioridade,genetic,8,24,27139.632678
alta_prioridade,genetic,8,25,27139.632678
alta_prioridade,genetic,8,26,27139.632678
alta_prioridade,genetic,8,27,27139.632678
alta_prioridade,genetic,8,28,27139.632678
alta_prioridade,genetic,8,29,27139.632678
alta_prioridade,genetic,8,30,27139.632678
alta_prioridade,genetic,8,31,27139.632678
alta_prioridade,genetic,8,32,27139.632678
alta_prioridade,genetic,8,33,27139.632678
alta_prioridade,genetic,8,34,27139.632678
alta_prioridade,genetic,8,35,27139.632678
alta_prioridade,genetic,8,36,27139.632678
alta_prioridade,genetic,8,37,27139.632678
alta_prioridade,genetic,8,38,27139.632678
alta_prioridade,genetic,8,39,27139.632678
alta_prioridade,genetic,8,40,27139.632678
alta_prioridade,genetic,8,41,27139.632678
alta_prioridade,genetic,8,42,27139.632678
alta_prioridade,genetic,8,43,27139.632678
alta_prioridade,genetic,8,44,27139.632678
alta_prioridade,genetic,8,45,27060.548563
alta_prioridade,genetic,8,46,27060.548563
alta_prioridade,genetic,8,47,27060.548563
alta_prioridade,genetic,8,48,27060.548563
alta_prioridade,genetic,8,49,27060.548563
alta_prioridade,genetic,8,50,27060.548563
alta_prioridade,genetic,8,51,27060.548563
alta_prioridade,genetic,8,52,27060.548563
alta_prioridade,genetic,8,53,27060.548563
alta_prioridade,genetic,8,54,27060.548563
alta_prioridade,genetic,8,55,27060.548563
alta_prioridade,genetic,8,56,27060.548563
alta_prioridade,genetic,8,57,27060.548563
alta_prioridade,genetic,8,58,27060.548563
alta_prioridade,genetic,8,59,27060.548563
alta_prioridade,genetic,8,60,27060.548563
alta_prioridade,genetic,8,61,27060.548563
alta_prioridade,genetic,8,62,27060.548563
alta_prioridade,genetic,8,63,27060.548563
alta_prioridade,genetic,8,64,27060.548563
alta_prioridade,genetic,8,65,27060.548563
alta_prioridade,genetic,8,66,27060.548563
alta_prioridade,genetic,8,67,27060.548563
alta_prioridade,genetic,8,68,27060.548563
alta_prioridade,genetic,8,69,27060.548563
alta_prioridade,genetic,8,70,27060.548563
alta_prioridade,genetic,8,71,27060.548563
alta_prioridade,genetic,8,72,27060.548563
alta_prioridade,genetic,8,73,27055.383339
alta_prioridade,genetic,8,74,27055.383339
alta_prioridade,genetic,8,75,27055.383339
alta_prioridade,genetic,8,76,27055.383339
alta_prioridade,genetic,8,77,26981.507754
alta_prioridade,genetic,8,78,26902.423640
alta_prioridade,genetic,8,79,26902.423640
alta_prioridade,genetic,8,80,26902.423640
alta_prioridade,genetic,8,81,26902.423640
alta_prioridade,genetic,8,82,26902.423640
alta_prioridade,genetic,8,83,26902.423640
alta_prioridade,genetic,8,84,26902.423640
alta_prioridade,genetic,8,85,26902.423640
alta_prioridade,genetic,8,86,26902.423640
alta_prioridade,genetic,8,87,26902.423640
alta_prioridade,genetic,8,88,26902.423640
alta_prioridade,genetic,8,89,26902.423640
alta_prioridade,genetic,8,90,26902.423640
alta_prioridade,genetic,8,91,26902.423640
alta_prioridade,genetic,8,92,26902.423640
alta_prioridade,genetic,8,93,26902.423640
alta_prioridade,genetic,8,94,26902.423640
alta_prioridade,genetic,8,95,26902.423640
alta_prioridade,genetic,8,96,26902.423640
alta_prioridade,genetic,8,97,26902.423640
alta_prioridade,genetic,8,98,26902.423640
alta_prioridade,genetic,8,99,26902.423640
alta_prioridade,genetic,8,100,26902.423640
alta_prioridade,genetic,8,101,26902.423640
alta_prioridade,genetic,8,102,26902.423640
alta_prioridade,genetic,8,103,26773.878851
alta_prioridade,genetic,8,104,26773.878851
alta_prioridade,genetic,8,105,26773.878851
alta_prioridade,genetic,8,106,26773.878851
alta_prioridade,genetic,8,107,26773.878851
alta_prioridade,genetic,8,108,26773.878851
alta_prioridade,genetic,8,109,26773.878851
alta_prioridade,genetic,8,110,26773.878851
alta_prioridade,genetic,8,111,26773.878851
alta_prioridade,genetic,8,112,26773.878851
alta_prioridade,genetic,8,113,26773.878851
alta_prioridade,genetic,8,114,26773.878851
alta_prioridade,genetic,8,115,26773.878851
alta_prioridade,genetic,8,116,26773.878851
alta_prioridade,genetic,8,117,26773.878851
alta_prioridade,genetic,8,118,26773.878851
alta_prioridade,genetic,8,119,26773.878851
alta_prioridade,genetic,8,120,26773.878851
alta_prioridade,genetic,8,121,26773.878851
alta_prioridade,genetic,8,122,26773.878851
alta_prioridade,genetic,8,123,26773.878851
alta_prioridade,genetic,8,124,26773.878851
alta_prioridade,genetic,8,125,26773.878851
alta_prioridade,genetic,8,126,26773.878851
alta_prioridade,genetic,8,127,26773.878851
alta_prioridade,genetic,8,128,26773.878851
alta_prioridade,genetic,8,129,26773.878851
alta_prioridade,genetic,8,130,26773.878851
alta_prioridade,genetic,8,131,26773.878851
alta_prioridade,genetic,8,132,26773.878851
alta_prioridade,genetic,8,133,26773.878851
alta_prioridade,genetic,8,134,26773.878851
alta_prioridade,genetic,8,135,26773.878851
alta_prioridade,genetic,8,136,26773.878851
alta_prioridade,genetic,8,137,26773.878851
alta_prioridade,genetic,8,138,26773.878851
alta_prioridade,genetic,8,139,26773.878851
alta_prioridade,genetic,8,140,26773.878851
alta_prioridade,genetic,8,141,26773.878851
alta_prioridade,genetic,8,142,26773.878851
alta_prioridade,genetic,8,143,26773.878851
alta_prioridade,genetic,8,144,26773.878851
alta_prioridade,genetic,8,145,26773.878851
alta_prioridade,genetic,8,146,26773.878851
alta_prioridade,genetic,8,147,26773.878851
alta_prioridade,genetic,8,148,26773.878851
alta_prioridade,genetic,8,149,26773.878851
alta_prioridade,genetic,8,150,26773.878851
alta_prioridade,genetic,8,151,26773.878851
alta_prioridade,genetic,8,152,26773.878851
alta_prioridade,genetic,8,153,26773.878851
alta_prioridade,random,9,1,28113.142160
alta_prioridade,genetic,9,1,28105.040222
alta_prioridade,genetic,9,2,27732.763583
alta_prioridade,genetic,9,3,27732.763583
alta_prioridade,genetic,9,4,27659.049267
alta_prioridade,genetic,9,5,27472.443762
alta_prioridade,genetic,9,6,27412.729401
alta_prioridade,genetic,9,7,27412.729401
alta_prioridade,genetic,9,8,27412.729401
alta_prioridade,genetic,9,9,27412.729401
alta_prioridade,genetic,9,10,27412.729401
alta_prioridade,genetic,9,11,27412.729401
alta_prioridade,genetic,9,12,27412.729401
alta_prioridade,genetic,9,13,27412.729401
alta_prioridade,genetic,9,14,27360.393138
alta_prioridade,genetic,9,15,27282.218553
alta_prioridade,genetic,9,16,27282.218553
alta_prioridade,genetic,9,17,27096.639351
alta_prioridade,genetic,9,18,27096.639351
alta_prioridade,genetic,9,19,27096.639351
alta_prioridade,genetic,9,20,27096.639351
alta_prioridade,genetic,9,21,27096.639351
alta_prioridade,genetic,9,22,27096.639351
alta_prioridade,genetic,9,23,27096.639351
alta_prioridade,genetic,9,24,27092.662278
alta_prioridade,genetic,9,25,27092.662278
alta_prioridade,genetic,9,26,27092.662278
alta_prioridade,genetic,9,27,27092.662278
alta_prioridade,genetic,9,28,27092.662278
alta_prioridade,genetic,9,29,27055.708680
alta_prioridade,genetic,9,30,27055.708680
alta_prioridade,genetic,9,31,27055.708680
alta_prioridade,genetic,9,32,27055.708680
alta_prioridade,genetic,9,33,27055.708680
alta_prioridade,genetic,9,34,27055.708680
alta_prioridade,genetic,9,35,27055.708680
alta_prioridade,genetic,9,36,27055.708680
alta_prioridade,genetic,9,37,27028.877353
alta_prioridade,genetic,9,38,27028.877353
alta_prioridade,genetic,9,39,27028.877353
alta_prioridade,genetic,9,40,27028.877353
alta_prioridade,genetic,9,41,27028.877353
alta_prioridade,genetic,9,42,27028.877353
alta_prioridade,genetic,9,43,27028.877353
alta_prioridade,genetic,9,44,27028.877353
alta_prioridade,genetic,9,45,27028.877353
alta_prioridade,genetic,9,46,27028.877353
alta_prioridade,genetic,9,47,27028.877353
alta_prioridade,genetic,9,48,27028.877353
alta_prioridade,genetic,9,49,27028.877353
alta_prioridade,genetic,9,50,27028.877353
alta_prioridade,genetic,9,51,27028.877353
alta_prioridade,genetic,9,52,27028.877353
alta_prioridade,genetic,9,53,27028.877353
alta_prioridade,genetic,9,54,27028.877353
alta_prioridade,genetic,9,55,27028.877353
alta_prioridade,genetic,9,56,27028.877353
alta_prioridade,genetic,9,57,27028.877353
alta_prioridade,genetic,9,58,27028.877353
alta_prioridade,genetic,9,59,27028.877353
alta_prioridade,genetic,9,60,27028.877353
alta_prioridade,genetic,9,61,27028.877353
alta_prioridade,genetic,9,62,27028.877353
alta_prioridade,genetic,9,63,27028.877353
alta_prioridade,genetic,9,64,27028.877353
alta_prioridade,genetic,9,65,27028.877353
alta_prioridade,genetic,9,66,27028.877353
alta_prioridade,genetic,9,67,27028.877353
alta_prioridade,genetic,9,68,27028.877353
alta_prioridade,genetic,9,69,27028.877353
alta_prioridade,genetic,9,70,27028.877353
alta_prioridade,genetic,9,71,27028.877353
alta_prioridade,genetic,9,72,27028.877353
alta_prioridade,genetic,9,73,27028.877353
alta_prioridade,genetic,9,74,27028.877353
alta_prioridade,genetic,9,75,27028.877353
alta_prioridade,genetic,9,76,27028.877353
alta_prioridade,genetic,9,77,27028.877353
alta_prioridade,genetic,9,78,27028.877353
alta_prioridade,genetic,9,79,27028.877353
alta_prioridade,genetic,9,80,27028.877353
alta_prioridade,genetic,9,81,27028.877353
alta_prioridade,genetic,9,82,27028.877353
alta_prioridade,genetic,9,83,27028.877353
alta_prioridade,genetic,9,84,27028.877353
alta_prioridade,genetic,9,85,27028.877353
alta_prioridade,genetic,9,86,27028.877353
alta_prioridade,genetic,9,87,27028.877353
alta_prioridade,random,10,1,2432400.387521
alta_prioridade,genetic,10,1,27547.094229
alta_prioridade,genetic,10,2,27547.094229
alta_prioridade,genetic,10,3,27547.094229
alta_prioridade,genetic,10,4,27547.094229
alta_prioridade,genetic,10,5,27547.094229
alta_prioridade,genetic,10,6,27484.443131
alta_prioridade,genetic,10,7,27350.725807
alta_prioridade,genetic,10,8,27350.725807
alta_prioridade,genetic,10,9,27350.725807
alta_prioridade,genetic,10,10,27350.725807
alta_prioridade,genetic,10,11,27350.725807
alta_prioridade,genetic,10,12,27348.453420
alta_prioridade,genetic,10,13,27225.409601
alta_prioridade,genetic,10,14,27225.409601
alta_prioridade,genetic,10,15,27225.409601
alta_prioridade,genetic,10,16,27225.409601
alta_prioridade,genetic,10,17,27225.409601
alta_prioridade,genetic,10,18,27225.409601
alta_prioridade,genetic,10,19,27225.409601
alta_prioridade,genetic,10,20,27222.649634
alta_prioridade,genetic,10,21,27222.649634
alta_prioridade,genetic,10,22,27214.000761
alta_prioridade,genetic,10,23,27181.914114
alta_prioridade,genetic,10,24,27181.914114
alta_prioridade,genetic,10,25,27181.914114
alta_prioridade,genetic,10,26,27181.914114
alta_prioridade,genetic,10,27,27171.746393
alta_prioridade,genetic,10,28,27145.007617
alta_prioridade,genetic,10,29,27145.007617
alta_prioridade,genetic,10,30,27145.007617
alta_prioridade,genetic,10,31,27134.351342
alta_prioridade,genetic,10,32,27134.351342
alta_prioridade,genetic,10,33,27134.351342
alta_prioridade,genetic,10,34,27092.662278
alta_prioridade,genetic,10,35,27092.662278
alta_prioridade,genetic,10,36,27055.708680
alta_prioridade,genetic,10,37,27055.708680
alta_prioridade,genetic,10,38,27055.708680
alta_prioridade,genetic,10,39,27055.708680
alta_prioridade,genetic,10,40,27055.708680
alta_prioridade,genetic,10,41,27055.708680
alta_prioridade,genetic,10,42,27055.708680
alta_prioridade,genetic,10,43,27055.708680
alta_prioridade,genetic,10,44,27028.877353
alta_prioridade,genetic,10,45,27028.877353
alta_prioridade,genetic,10,46,27028.877353
alta_prioridade,genetic,10,47,27028.877353
alta_prioridade,genetic,10,48,27028.877353
alta_prioridade,genetic,10,49,27028.877353
alta_prioridade,genetic,10,50,27028.877353
alta_prioridade,genetic,10,51,27028.877353
alta_prioridade,genetic,10,52,27028.877353
alta_prioridade,genetic,10,53,27028.877353
alta_prioridade,genetic,10,54,27028.877353
alta_prioridade,genetic,10,55,27028.877353
alta_prioridade,genetic,10,56,27028.877353
alta_prioridade,genetic,10,57,27028.877353
alta_prioridade,genetic,10,58,27028.877353
alta_prioridade,genetic,10,59,27028.877353
alta_prioridade,genetic,10,60,27028.877353
alta_prioridade,genetic,10,61,27028.877353
alta_prioridade,genetic,10,62,27028.877353
alta_prioridade,genetic,10,63,27028.877353
alta_prioridade,genetic,10,64,27028.877353
alta_prioridade,genetic,10,65,27028.877353
alta_prioridade,genetic,10,66,27028.877353
alta_prioridade,genetic,10,67,27028.877353
alta_prioridade,genetic,10,68,27028.877353
alta_prioridade,genetic,10,69,27028.877353
alta_prioridade,genetic,10,70,27028.877353
alta_prioridade,genetic,10,71,27028.877353
alta_prioridade,genetic,10,72,26969.268267
alta_prioridade,genetic,10,73,26969.268267
alta_prioridade,genetic,10,74,26969.268267
alta_prioridade,genetic,10,75,26969.268267
alta_prioridade,genetic,10,76,26969.268267
alta_prioridade,genetic,10,77,26969.268267
alta_prioridade,genetic,10,78,26969.268267
alta_prioridade,genetic,10,79,26969.268267
alta_prioridade,genetic,10,80,26969.268267
alta_prioridade,genetic,10,81,26969.268267
alta_prioridade,genetic,10,82,26969.268267
alta_prioridade,genetic,10,83,26969.268267
alta_prioridade,genetic,10,84,26969.268267
alta_prioridade,genetic,10,85,26969.268267
alta_prioridade,genetic,10,86,26969.268267
alta_prioridade,genetic,10,87,26969.268267
alta_prioridade,genetic,10,88,26969.268267
alta_prioridade,genetic,10,89,26969.268267
alta_prioridade,genetic,10,90,26969.268267
alta_prioridade,genetic,10,91,26969.268267
alta_prioridade,genetic,10,92,26969.268267
alta_prioridade,genetic,10,93,26969.268267
alta_prioridade,genetic,10,94,26969.268267
alta_prioridade,genetic,10,95,26969.268267
alta_prioridade,genetic,10,96,26969.268267
alta_prioridade,genetic,10,97,26969.268267
alta_prioridade,genetic,10,98,26969.268267
alta_prioridade,genetic,10,99,26969.268267
alta_prioridade,genetic,10,100,26969.268267
alta_prioridade,genetic,10,101,26969.268267
alta_prioridade,genetic,10,102,26969.268267
alta_prioridade,genetic,10,103,26969.268267
alta_prioridade,genetic,10,104,26969.268267
alta_prioridade,genetic,10,105,26969.268267
alta_prioridade,genetic,10,106,26969.268267
alta_prioridade,genetic,10,107,26969.268267
alta_prioridade,genetic,10,108,26969.268267
alta_prioridade,genetic,10,109,26969.268267
alta_prioridade,genetic,10,110,26969.268267
alta_prioridade,genetic,10,111,26969.268267
alta_prioridade,genetic,10,112,26969.268267
alta_prioridade,genetic,10,113,26969.268267
alta_prioridade,genetic,10,114,26969.268267
alta_prioridade,genetic,10,115,26969.268267
alta_prioridade,genetic,10,116,26969.268267
alta_prioridade,genetic,10,117,26969.268267
alta_prioridade,genetic,10,118,26969.268267
alta_prioridade,genetic,10,119,26969.268267
alta_prioridade,genetic,10,120,26969.268267
alta_prioridade,genetic,10,121,26969.268267
alta_prioridade,genetic,10,122,26969.268267
alta_demanda,nearest_neighbor,1,1,22860.600288
alta_demanda,random,1,1,3685256.887868
alta_demanda,genetic,1,1,19180.825124
alta_demanda,genetic,1,2,19180.825124
alta_demanda,genetic,1,3,18263.892993
alta_demanda,genetic,1,4,17957.054173
alta_demanda,genetic,1,5,17893.586007
alta_demanda,genetic,1,6,17893.586007
alta_demanda,genetic,1,7,16896.696249
alta_demanda,genetic,1,8,16896.696249
alta_demanda,genetic,1,9,16896.696249
alta_demanda,genetic,1,10,16896.696249
alta_demanda,genetic,1,11,16896.696249
alta_demanda,genetic,1,12,16646.268303
alta_demanda,genetic,1,13,16646.268303
alta_demanda,genetic,1,14,16646.268303
alta_demanda,genetic,1,15,16646.268303
alta_demanda,genetic,1,16,16411.290805
alta_demanda,genetic,1,17,16411.290805
alta_demanda,genetic,1,18,16282.763898
alta_demanda,genetic,1,19,16282.763898
alta_demanda,genetic,1,20,16282.763898
alta_demanda,genetic,1,21,16282.763898
alta_demanda,genetic,1,22,16282.763898
alta_demanda,genetic,1,23,16282.763898
alta_demanda,genetic,1,24,16282.763898
alta_demanda,genetic,1,25,16282.763898
alta_demanda,genetic,1,26,16282.763898
alta_demanda,genetic,1,27,16282.763898
alta_demanda,genetic,1,28,16282.763898
alta_demanda,genetic,1,29,16282.763898
alta_demanda,genetic,1,30,16282.763898
alta_demanda,genetic,1,31,16282.763898
alta_demanda,genetic,1,32,16282.763898
alta_demanda,genetic,1,33,16282.763898
alta_demanda,genetic,1,34,16282.763898
alta_demanda,genetic,1,35,16282.763898
alta_demanda,genetic,1,36,16282.763898
alta_demanda,genetic,1,37,16282.763898
alta_demanda,genetic,1,38,16282.763898
alta_demanda,genetic,1,39,16282.763898
alta_demanda,genetic,1,40,16282.763898
alta_demanda,genetic,1,41,16282.763898
alta_demanda,genetic,1,42,16282.763898
alta_demanda,genetic,1,43,16282.763898
alta_demanda,genetic,1,44,16282.763898
alta_demanda,genetic,1,45,16282.763898
alta_demanda,genetic,1,46,16282.763898
alta_demanda,genetic,1,47,16282.763898
alta_demanda,genetic,1,48,16282.763898
alta_demanda,genetic,1,49,16282.763898
alta_demanda,genetic,1,50,16282.763898
alta_demanda,genetic,1,51,16282.763898
alta_demanda,genetic,1,52,16282.763898
alta_demanda,genetic,1,53,16282.763898
alta_demanda,genetic,1,54,16282.763898
alta_demanda,genetic,1,55,16282.763898
alta_demanda,genetic,1,56,16282.763898
alta_demanda,genetic,1,57,16282.763898
alta_demanda,genetic,1,58,16282.763898
alta_demanda,genetic,1,59,16282.763898
alta_demanda,genetic,1,60,16282.763898
alta_demanda,genetic,1,61,16282.763898
alta_demanda,genetic,1,62,16282.763898
alta_demanda,genetic,1,63,16282.763898
alta_demanda,genetic,1,64,16282.763898
alta_demanda,genetic,1,65,16282.763898
alta_demanda,genetic,1,66,16282.763898
alta_demanda,genetic,1,67,16282.763898
alta_demanda,genetic,1,68,16282.763898
alta_demanda,random,2,1,23454.212674
alta_demanda,genetic,2,1,22948.353327
alta_demanda,genetic,2,2,18093.972811
alta_demanda,genetic,2,3,18022.529004
alta_demanda,genetic,2,4,17499.784480
alta_demanda,genetic,2,5,17499.784480
alta_demanda,genetic,2,6,17110.872527
alta_demanda,genetic,2,7,16507.713025
alta_demanda,genetic,2,8,16507.713025
alta_demanda,genetic,2,9,16507.713025
alta_demanda,genetic,2,10,16413.593666
alta_demanda,genetic,2,11,16413.593666
alta_demanda,genetic,2,12,16376.722195
alta_demanda,genetic,2,13,16376.722195
alta_demanda,genetic,2,14,16376.722195
alta_demanda,genetic,2,15,16376.722195
alta_demanda,genetic,2,16,16314.241946
alta_demanda,genetic,2,17,16282.763898
alta_demanda,genetic,2,18,16282.763898
alta_demanda,genetic,2,19,16282.763898
alta_demanda,genetic,2,20,16282.763898
alta_demanda,genetic,2,21,16282.763898
alta_demanda,genetic,2,22,16282.763898
alta_demanda,genetic,2,23,16282.763898
alta_demanda,genetic,2,24,16282.763898
alta_demanda,genetic,2,25,16282.763898
alta_demanda,genetic,2,26,16282.763898
alta_demanda,genetic,2,27,16282.763898
alta_demanda,genetic,2,28,16282.763898
alta_demanda,genetic,2,29,16282.763898
alta_demanda,genetic,2,30,16282.763898
alta_demanda,genetic,2,31,16282.763898
alta_demanda,genetic,2,32,16282.763898
alta_demanda,genetic,2,33,16282.763898
alta_demanda,genetic,2,34,16282.763898
alta_demanda,genetic,2,35,16282.763898
alta_demanda,genetic,2,36,16225.310844
alta_demanda,genetic,2,37,16225.310844
alta_demanda,genetic,2,38,16225.310844
alta_demanda,genetic,2,39,16225.310844
alta_demanda,genetic,2,40,16225.310844
alta_demanda,genetic,2,41,16225.310844
alta_demanda,genetic,2,42,16225.310844
alta_demanda,genetic,2,43,16225.310844
alta_demanda,genetic,2,44,16225.310844
alta_demanda,genetic,2,45,16225.310844
alta_demanda,genetic,2,46,16225.310844
alta_demanda,genetic,2,47,16225.310844
alta_demanda,genetic,2,48,16225.310844
alta_demanda,genetic,2,49,16225.310844
alta_demanda,genetic,2,50,16225.310844
alta_demanda,genetic,2,51,16225.310844
alta_demanda,genetic,2,52,16225.310844
alta_demanda,genetic,2,53,16225.310844
alta_demanda,genetic,2,54,16225.310844
alta_demanda,genetic,2,55,16225.310844
alta_demanda,genetic,2,56,16225.310844
alta_demanda,genetic,2,57,16225.310844
alta_demanda,genetic,2,58,16225.310844
alta_demanda,genetic,2,59,16225.310844
alta_demanda,genetic,2,60,16225.310844
alta_demanda,genetic,2,61,16225.310844
alta_demanda,genetic,2,62,16225.310844
alta_demanda,genetic,2,63,16225.310844
alta_demanda,genetic,2,64,16225.310844
alta_demanda,genetic,2,65,16225.310844
alta_demanda,genetic,2,66,16225.310844
alta_demanda,genetic,2,67,16225.310844
alta_demanda,genetic,2,68,16225.310844
alta_demanda,genetic,2,69,16225.310844
alta_demanda,genetic,2,70,16225.310844
alta_demanda,genetic,2,71,16225.310844
alta_demanda,genetic,2,72,16225.310844
alta_demanda,genetic,2,73,16225.310844
alta_demanda,genetic,2,74,16225.310844
alta_demanda,genetic,2,75,16225.310844
alta_demanda,genetic,2,76,16225.310844
alta_demanda,genetic,2,77,16225.310844
alta_demanda,genetic,2,78,16225.310844
alta_demanda,genetic,2,79,16225.310844
alta_demanda,genetic,2,80,16225.310844
alta_demanda,genetic,2,81,16225.310844
alta_demanda,genetic,2,82,16225.310844
alta_demanda,genetic,2,83,16225.310844
alta_demanda,genetic,2,84,16225.310844
alta_demanda,genetic,2,85,16225.310844
alta_demanda,genetic,2,86,16225.310844
alta_demanda,random,3,1,34453.540814
alta_demanda,genetic,3,1,16717.537837
alta_demanda,genetic,3,2,16717.537837
alta_demanda,genetic,3,3,16717.537837
alta_demanda,genetic,3,4,16717.537837
alta_demanda,genetic,3,5,16717.537837
alta_demanda,genetic,3,6,16717.537837
alta_demanda,genetic,3,7,16717.537837
alta_demanda,genetic,3,8,16717.537837
alta_demanda,genetic,3,9,16717.537837
alta_demanda,genetic,3,10,16717.537837
alta_demanda,genetic,3,11,16717.537837
alta_demanda,genetic,3,12,16717.537837
alta_demanda,genetic,3,13,16717.537837
alta_demanda,genetic,3,14,16717.537837
alta_demanda,genetic,3,15,16717.537837
alta_demanda,genetic,3,16,16717.537837
alta_demanda,genetic,3,17,16717.537837
alta_demanda,genetic,3,18,16717.537837
alta_demanda,genetic,3,19,16635.094655
alta_demanda,genetic,3,20,16635.094655
alta_demanda,genetic,3,21,16535.229761
alta_demanda,genetic,3,22,16535.229761
alta_demanda,genetic,3,23,16535.229761
alta_demanda,genetic,3,24,16535.229761
alta_demanda,genetic,3,25,16376.722195
alta_demanda,genetic,3,26,16376.722195
alta_demanda,genetic,3,27,16376.722195
alta_demanda,genetic,3,28,16376.722195
alta_demanda,genetic,3,29,16376.722195
alta_demanda,genetic,3,30,16282.763898
alta_demanda,genetic,3,31,16282.763898
alta_demanda,genetic,3,32,16282.763898
alta_demanda,genetic,3,33,16282.763898
alta_demanda,genetic,3,34,16282.763898
alta_demanda,genetic,3,35,16282.763898
alta_demanda,genetic,3,36,16282.763898
alta_demanda,genetic,3,37,16282.763898
alta_demanda,genetic,3,38,16282.763898
alta_demanda,genetic,3,39,16282.763898
alta_demanda,genetic,3,40,16282.763898
alta_demanda,genetic,3,41,16282.763898
alta_demanda,genetic,3,42,16282.763898
alta_demanda,genetic,3,43,16282.763898
alta_demanda,genetic,3,44,16282.763898
alta_demanda,genetic,3,45,16282.763898
alta_demanda,genetic,3,46,16282.763898
alta_demanda,genetic,3,47,16282.763898
alta_demanda,genetic,3,48,16282.763898
alta_demanda,genetic,3,49,16282.763898
alta_demanda,genetic,3,50,16282.763898
alta_demanda,genetic,3,51,16282.763898
alta_demanda,genetic,3,52,16282.763898
alta_demanda,genetic,3,53,16282.763898
alta_demanda,genetic,3,54,16282.763898
alta_demanda,genetic,3,55,16282.763898
alta_demanda,genetic,3,56,16282.763898
alta_demanda,genetic,3,57,16282.763898
alta_demanda,genetic,3,58,16282.763898
alta_demanda,genetic,3,59,16282.763898
alta_demanda,genetic,3,60,16282.763898
alta_demanda,genetic,3,61,16282.763898
alta_demanda,genetic,3,62,16282.763898
alta_demanda,genetic,3,63,16282.763898
alta_demanda,genetic,3,64,16282.763898
alta_demanda,genetic,3,65,16282.763898
alta_demanda,genetic,3,66,16282.763898
alta_demanda,genetic,3,67,16282.763898
alta_demanda,genetic,3,68,16282.763898
alta_demanda,genetic,3,69,16282.763898
alta_demanda,genetic,3,70,16282.763898
alta_demanda,genetic,3,71,16282.763898
alta_demanda,genetic,3,72,16282.763898
alta_demanda,genetic,3,73,16282.763898
alta_demanda,genetic,3,74,16282.763898
alta_demanda,genetic,3,75,16282.763898
alta_demanda,genetic,3,76,16282.763898
alta_demanda,genetic,3,77,16282.763898
alta_demanda,genetic,3,78,16282.763898
alta_demanda,genetic,3,79,16282.763898
alta_demanda,genetic,3,80,16282.763898
alta_demanda,random,4,1,1164875.909072
alta_demanda,genetic,4,1,17071.038032
alta_demanda,genetic,4,2,17071.038032
alta_demanda,genetic,4,3,17071.038032
alta_demanda,genetic,4,4,17071.038032
alta_demanda,genetic,4,5,17071.038032
alta_demanda,genetic,4,6,17071.038032
alta_demanda,genetic,4,7,17071.038032
alta_demanda,genetic,4,8,16745.899927
alta_demanda,genetic,4,9,16745.899927
alta_demanda,genetic,4,10,16745.899927
alta_demanda,genetic,4,11,16733.723964
alta_demanda,genetic,4,12,16733.723964
alta_demanda,genetic,4,13,16032.024615
alta_demanda,genetic,4,14,16032.024615
alta_demanda,genetic,4,15,16032.024615
alta_demanda,genetic,4,16,16032.024615
alta_demanda,genetic,4,17,16032.024615
alta_demanda,genetic,4,18,16032.024615
alta_demanda,genetic,4,19,16032.024615
alta_demanda,genetic,4,20,16032.024615
alta_demanda,genetic,4,21,16032.024615
alta_demanda,genetic,4,22,16032.024615
alta_demanda,genetic,4,23,16032.024615
alta_demanda,genetic,4,24,16032.024615
alta_demanda,genetic,4,25,16032.024615
alta_demanda,genetic,4,26,16032.024615
alta_demanda,genetic,4,27,16032.024615
alta_demanda,genetic,4,28,16032.024615
alta_demanda,genetic,4,29,16032.024615
alta_demanda,genetic,4,30,16032.024615
alta_demanda,genetic,4,31,16032.024615
alta_demanda,genetic,4,32,16032.024615
alta_demanda,genetic,4,33,16032.024615
alta_demanda,genetic,4,34,16032.024615
alta_demanda,genetic,4,35,16032.024615
alta_demanda,genetic,4,36,16032.024615
alta_demanda,genetic,4,37,16032.024615
alta_demanda,genetic,4,38,16032.024615
alta_demanda,genetic,4,39,16032.024615
alta_demanda,genetic,4,40,16032.024615
alta_demanda,genetic,4,41,16032.024615
alta_demanda,genetic,4,42,16032.024615
alta_demanda,genetic,4,43,16032.024615
alta_demanda,genetic,4,44,16032.024615
alta_demanda,genetic,4,45,16032.024615
alta_demanda,genetic,4,46,16032.024615
alta_demanda,genetic,4,47,16032.024615
alta_demanda,genetic,4,48,16032.024615
alta_demanda,genetic,4,49,16032.024615
alta_demanda,genetic,4,50,16019.631735
alta_demanda,genetic,4,51,16019.631735
alta_demanda,genetic,4,52,16019.631735
alta_demanda,genetic,4,53,16019.631735
alta_demanda,genetic,4,54,16019.631735
alta_demanda,genetic,4,55,16019.631735
alta_demanda,genetic,4,56,16019.631735
alta_demanda,genetic,4,57,16019.631735
alta_demanda,genetic,4,58,15993.231386
alta_demanda,genetic,4,59,15993.231386
alta_demanda,genetic,4,60,15993.231386
alta_demanda,genetic,4,61,15993.231386
alta_demanda,genetic,4,62,15993.231386
alta_demanda,genetic,4,63,15993.231386
alta_demanda,genetic,4,64,15993.231386
alta_demanda,genetic,4,65,15993.231386
alta_demanda,genetic,4,66,15993.231386
alta_demanda,genetic,4,67,15895.145057
alta_demanda,genetic,4,68,15895.145057
alta_demanda,genetic,4,69,15789.275173
alta_demanda,genetic,4,70,15789.275173
alta_demanda,genetic,4,71,15789.275173
alta_demanda,genetic,4,72,15789.275173
alta_demanda,genetic,4,73,15789.275173
alta_demanda,genetic,4,74,15789.275173
alta_demanda,genetic,4,75,15789.275173
alta_demanda,genetic,4,76,15789.275173
alta_demanda,genetic,4,77,15789.275173
alta_demanda,genetic,4,78,15789.275173
alta_demanda,genetic,4,79,15789.275173
alta_demanda,genetic,4,80,15789.275173
alta_demanda,genetic,4,81,15789.275173
alta_demanda,genetic,4,82,15789.275173
alta_demanda,genetic,4,83,15789.275173
alta_demanda,genetic,4,84,15789.275173
alta_demanda,genetic,4,85,15789.275173
alta_demanda,genetic,4,86,15789.275173
alta_demanda,genetic,4,87,15789.275173
alta_demanda,genetic,4,88,15789.275173
alta_demanda,genetic,4,89,15789.275173
alta_demanda,genetic,4,90,15789.275173
alta_demanda,genetic,4,91,15789.275173
alta_demanda,genetic,4,92,15789.275173
alta_demanda,genetic,4,93,15789.275173
alta_demanda,genetic,4,94,15789.275173
alta_demanda,genetic,4,95,15789.275173
alta_demanda,genetic,4,96,15789.275173
alta_demanda,genetic,4,97,15789.275173
alta_demanda,genetic,4,98,15789.275173
alta_demanda,genetic,4,99,15789.275173
alta_demanda,genetic,4,100,15789.275173
alta_demanda,genetic,4,101,15789.275173
alta_demanda,genetic,4,102,15789.275173
alta_demanda,genetic,4,103,15789.275173
alta_demanda,genetic,4,104,15789.275173
alta_demanda,genetic,4,105,15789.275173
alta_demanda,genetic,4,106,15789.275173
alta_demanda,genetic,4,107,15789.275173
alta_demanda,genetic,4,108,15789.275173
alta_demanda,genetic,4,109,15789.275173
alta_demanda,genetic,4,110,15789.275173
alta_demanda,genetic,4,111,15789.275173
alta_demanda,genetic,4,112,15789.275173
alta_demanda,genetic,4,113,15740.167789
alta_demanda,genetic,4,114,15740.167789
alta_demanda,genetic,4,115,15740.167789
alta_demanda,genetic,4,116,15740.167789
alta_demanda,genetic,4,117,15740.167789
alta_demanda,genetic,4,118,15740.167789
alta_demanda,genetic,4,119,15740.167789
alta_demanda,genetic,4,120,15740.167789
alta_demanda,genetic,4,121,15740.167789
alta_demanda,genetic,4,122,15740.167789
alta_demanda,genetic,4,123,15740.167789
alta_demanda,genetic,4,124,15740.167789
alta_demanda,genetic,4,125,15740.167789
alta_demanda,genetic,4,126,15740.167789
alta_demanda,genetic,4,127,15740.167789
alta_demanda,genetic,4,128,15740.167789
alta_demanda,genetic,4,129,15740.167789
alta_demanda,genetic,4,130,15740.167789
alta_demanda,genetic,4,131,15740.167789
alta_demanda,genetic,4,132,15740.167789
alta_demanda,genetic,4,133,15740.167789
alta_demanda,genetic,4,134,15740.167789
alta_demanda,genetic,4,135,15740.167789
alta_demanda,genetic,4,136,15740.167789
alta_demanda,genetic,4,137,15740.167789
alta_demanda,genetic,4,138,15740.167789
alta_demanda,genetic,4,139,15740.167789
alta_demanda,genetic,4,140,15740.167789
alta_demanda,genetic,4,141,15740.167789
alta_demanda,genetic,4,142,15740.167789
alta_demanda,genetic,4,143,15740.167789
alta_demanda,genetic,4,144,15740.167789
alta_demanda,genetic,4,145,15740.167789
alta_demanda,genetic,4,146,15740.167789
alta_demanda,genetic,4,147,15740.167789
alta_demanda,genetic,4,148,15740.167789
alta_demanda,genetic,4,149,15740.167789
alta_demanda,genetic,4,150,15740.167789
alta_demanda,genetic,4,151,15740.167789
alta_demanda,genetic,4,152,15740.167789
alta_demanda,genetic,4,153,15740.167789
alta_demanda,genetic,4,154,15740.167789
alta_demanda,genetic,4,155,15740.167789
alta_demanda,genetic,4,156,15740.167789
alta_demanda,genetic,4,157,15740.167789
alta_demanda,genetic,4,158,15740.167789
alta_demanda,genetic,4,159,15740.167789
alta_demanda,genetic,4,160,15740.167789
alta_demanda,genetic,4,161,15740.167789
alta_demanda,genetic,4,162,15740.167789
alta_demanda,genetic,4,163,15740.167789
alta_demanda,random,5,1,1308481.320169
alta_demanda,genetic,5,1,21932.882415
alta_demanda,genetic,5,2,17426.536019
alta_demanda,genetic,5,3,17426.536019
alta_demanda,genetic,5,4,17426.536019
alta_demanda,genetic,5,5,17426.536019
alta_demanda,genetic,5,6,17426.536019
alta_demanda,genetic,5,7,16858.211153
alta_demanda,genetic,5,8,16858.211153
alta_demanda,genetic,5,9,16858.211153
alta_demanda,genetic,5,10,16858.211153
alta_demanda,genetic,5,11,16858.211153
alta_demanda,genetic,5,12,16858.211153
alta_demanda,genetic,5,13,16858.211153
alta_demanda,genetic,5,14,16858.211153
alta_demanda,genetic,5,15,16654.477366
alta_demanda,genetic,5,16,16654.477366
alta_demanda,genetic,5,17,16654.477366
alta_demanda,genetic,5,18,16654.477366
alta_demanda,genetic,5,19,16654.477366
alta_demanda,genetic,5,20,16654.477366
alta_demanda,genetic,5,21,16654.477366
alta_demanda,genetic,5,22,16654.477366
alta_demanda,genetic,5,23,16654.477366
alta_demanda,genetic,5,24,16654.477366
alta_demanda,genetic,5,25,16654.477366
alta_demanda,genetic,5,26,16272.801929
alta_demanda,genetic,5,27,16272.801929
alta_demanda,genetic,5,28,16272.801929
alta_demanda,genetic,5,29,16272.801929
alta_demanda,genetic,5,30,16272.801929
alta_demanda,genetic,5,31,16272.801929
alta_demanda,genetic,5,32,16272.801929
alta_demanda,genetic,5,33,16272.801929
alta_demanda,genetic,5,34,16272.801929
alta_demanda,genetic,5,35,16272.801929
alta_demanda,genetic,5,36,16272.801929
alta_demanda,genetic,5,37,16272.801929
alta_demanda,genetic,5,38,15873.643331
alta_demanda,genetic,5,39,15873.643331
alta_demanda,genetic,5,40,15873.643331
alta_demanda,genetic,5,41,15873.643331
alta_demanda,genetic,5,42,15873.643331
alta_demanda,genetic,5,43,15873.643331
alta_demanda,genetic,5,44,15873.643331
alta_demanda,genetic,5,45,15873.643331
alta_demanda,genetic,5,46,15873.643331
alta_demanda,genetic,5,47,15873.643331
alta_demanda,genetic,5,48,15870.196171
alta_demanda,genetic,5,49,15870.196171
alta_demanda,genetic,5,50,15870.196171
alta_demanda,genetic,5,51,15870.196171
alta_demanda,genetic,5,52,15870.196171
alta_demanda,genetic,5,53,15870.196171
alta_demanda,genetic,5,54,15870.196171
alta_demanda,genetic,5,55,15416.219811
alta_demanda,genetic,5,56,15416.219811
alta_demanda,genetic,5,57,15416.219811
alta_demanda,genetic,5,58,15416.219811
alta_demanda,genetic,5,59,15416.219811
alta_demanda,genetic,5,60,15416.219811
alta_demanda,genetic,5,61,15416.219811
alta_demanda,genetic,5,62,15416.219811
alta_demanda,genetic,5,63,15416.219811
alta_demanda,genetic,5,64,15416.219811
alta_demanda,genetic,5,65,15416.219811
alta_demanda,genetic,5,66,15416.219811
alta_demanda,genetic,5,67,15416.219811
alta_demanda,genetic,5,68,15416.219811
alta_demanda,genetic,5,69,15375.728980
alta_demanda,genetic,5,70,15375.728980
alta_demanda,genetic,5,71,15354.746775
alta_demanda,genetic,5,72,15354.746775
alta_demanda,genetic,5,73,15314.255944
alta_demanda,genetic,5,74,15314.255944
alta_demanda,genetic,5,75,15314.255944
alta_demanda,genetic,5,76,15314.255944
alta_demanda,genetic,5,77,15314.255944
alta_demanda,genetic,5,78,15314.255944
alta_demanda,genetic,5,79,15314.255944
alta_demanda,genetic,5,80,15314.255944
alta_demanda,genetic,5,81,15314.255944
alta_demanda,genetic,5,82,15314.255944
alta_demanda,genetic,5,83,15314.255944
alta_demanda,genetic,5,84,15314.255944
alta_demanda,genetic,5,85,15314.255944
alta_demanda,genetic,5,86,15314.255944
alta_demanda,genetic,5,87,15314.255944
alta_demanda,genetic,5,88,15314.255944
alta_demanda,genetic,5,89,15314.255944
alta_demanda,genetic,5,90,15314.255944
alta_demanda,genetic,5,91,15314.255944
alta_demanda,genetic,5,92,15314.255944
alta_demanda,genetic,5,93,15314.255944
alta_demanda,genetic,5,94,15314.255944
alta_demanda,genetic,5,95,15314.255944
alta_demanda,genetic,5,96,15314.255944
alta_demanda,genetic,5,97,15314.255944
alta_demanda,genetic,5,98,15314.255944
alta_demanda,genetic,5,99,15314.255944
alta_demanda,genetic,5,100,15314.255944
alta_demanda,genetic,5,101,15314.255944
alta_demanda,genetic,5,102,15314.255944
alta_demanda,genetic,5,103,15314.255944
alta_demanda,genetic,5,104,15314.255944
alta_demanda,genetic,5,105,15314.255944
alta_demanda,genetic,5,106,15314.255944
alta_demanda,genetic,5,107,15314.255944
alta_demanda,genetic,5,108,15314.255944
alta_demanda,genetic,5,109,15314.255944
alta_demanda,genetic,5,110,15314.255944
alta_demanda,genetic,5,111,15314.255944
alta_demanda,genetic,5,112,15314.255944
alta_demanda,genetic,5,113,15314.255944
alta_demanda,genetic,5,114,15314.255944
alta_demanda,genetic,5,115,15314.255944
alta_demanda,genetic,5,116,15314.255944
alta_demanda,genetic,5,117,15314.255944
alta_demanda,genetic,5,118,15314.255944
alta_demanda,genetic,5,119,15314.255944
alta_demanda,genetic,5,120,15314.255944
alta_demanda,genetic,5,121,15314.255944
alta_demanda,genetic,5,122,15314.255944
alta_demanda,genetic,5,123,15314.255944
alta_demanda,random,6,1,2977156.535933
alta_demanda,genetic,6,1,22397.162575
alta_demanda,genetic,6,2,22397.162575
alta_demanda,genetic,6,3,18322.236617
alta_demanda,genetic,6,4,18322.236617
alta_demanda,genetic,6,5,17516.340292
alta_demanda,genetic,6,6,17400.776224
alta_demanda,genetic,6,7,17084.383863
alta_demanda,genetic,6,8,17084.383863
alta_demanda,genetic,6,9,17084.383863
alta_demanda,genetic,6,10,17084.383863
alta_demanda,genetic,6,11,16945.712227
alta_demanda,genetic,6,12,16882.989005
alta_demanda,genetic,6,13,16882.989005
alta_demanda,genetic,6,14,16882.989005
alta_demanda,genetic,6,15,16701.690906
alta_demanda,genetic,6,16,16701.690906
alta_demanda,genetic,6,17,16701.690906
alta_demanda,genetic,6,18,16701.690906
alta_demanda,genetic,6,19,16701.690906
alta_demanda,genetic,6,20,16701.690906
alta_demanda,genetic,6,21,16701.690906
alta_demanda,genetic,6,22,16701.690906
alta_demanda,genetic,6,23,16701.690906
alta_demanda,genetic,6,24,16701.690906
alta_demanda,genetic,6,25,16701.690906
alta_demanda,genetic,6,26,16303.524063
alta_demanda,genetic,6,27,16303.524063
alta_demanda,genetic,6,28,16303.524063
alta_demanda,genetic,6,29,16303.524063
alta_demanda,genetic,6,30,16303.524063
alta_demanda,genetic,6,31,16105.248503
alta_demanda,genetic,6,32,16105.248503
alta_demanda,genetic,6,33,16105.248503
alta_demanda,genetic,6,34,16105.248503
alta_demanda,genetic,6,35,16105.248503
alta_demanda,genetic,6,36,16105.248503
alta_demanda,genetic,6,37,16105.248503
alta_demanda,genetic,6,38,16105.248503
alta_demanda,genetic,6,39,16105.248503
alta_demanda,genetic,6,40,16105.248503
alta_demanda,genetic,6,41,16105.248503
alta_demanda,genetic,6,42,16105.248503
alta_demanda,genetic,6,43,16105.248503
alta_demanda,genetic,6,44,16105.248503
alta_demanda,genetic,6,45,16105.248503
alta_demanda,genetic,6,46,16105.248503
alta_demanda,genetic,6,47,16105.248503
alta_demanda,genetic,6,48,16105.248503
alta_demanda,genetic,6,49,16105.248503
alta_demanda,genetic,6,50,16105.248503
alta_demanda,genetic,6,51,16105.248503
alta_demanda,genetic,6,52,16105.248503
alta_demanda,genetic,6,53,16105.248503
alta_demanda,genetic,6,54,16105.248503
alta_demanda,genetic,6,55,16105.248503
alta_demanda,genetic,6,56,16105.248503
alta_demanda,genetic,6,57,16105.248503
alta_demanda,genetic,6,58,16105.248503
alta_demanda,genetic,6,59,16105.248503
alta_demanda,genetic,6,60,16105.248503
alta_demanda,genetic,6,61,16105.248503
alta_demanda,genetic,6,62,16105.248503
alta_demanda,genetic,6,63,16105.248503
alta_demanda,genetic,6,64,16105.248503
alta_demanda,genetic,6,65,16105.248503
alta_demanda,genetic,6,66,16105.248503
alta_demanda,genetic,6,67,16105.248503
alta_demanda,genetic,6,68,16105.248503
alta_demanda,genetic,6,69,16105.248503
alta_demanda,genetic,6,70,16105.248503
alta_demanda,genetic,6,71,16105.248503
alta_demanda,genetic,6,72,16105.248503
alta_demanda,genetic,6,73,16105.248503
alta_demanda,genetic,6,74,16105.248503
alta_demanda,genetic,6,75,16105.248503
alta_demanda,genetic,6,76,16105.248503
alta_demanda,genetic,6,77,16105.248503
alta_demanda,genetic,6,78,16105.248503
alta_demanda,genetic,6,79,16105.248503
alta_demanda,genetic,6,80,16105.248503
alta_demanda,genetic,6,81,16105.248503
alta_demanda,random,7,1,765313.225254
alta_demanda,genetic,7,1,22038.004325
alta_demanda,genetic,7,2,18769.441173
alta_demanda,genetic,7,3,18022.394643
alta_demanda,genetic,7,4,18022.394643
alta_demanda,genetic,7,5,17835.463990
alta_demanda,genetic,7,6,17835.463990
alta_demanda,genetic,7,7,17208.086133
alta_demanda,genetic,7,8,17001.811093
alta_demanda,genetic,7,9,16495.430983
alta_demanda,genetic,7,10,16495.430983
alta_demanda,genetic,7,11,16495.430983
alta_demanda,genetic,7,12,16495.430983
alta_demanda,genetic,7,13,16495.430983
alta_demanda,genetic,7,14,16495.430983
alta_demanda,genetic,7,15,16495.430983
alta_demanda,genetic,7,16,16495.430983
alta_demanda,genetic,7,17,16495.430983
alta_demanda,genetic,7,18,16495.430983
alta_demanda,genetic,7,19,16413.593666
alta_demanda,genetic,7,20,16413.593666
alta_demanda,genetic,7,21,16413.593666
alta_demanda,genetic,7,22,16413.593666
alta_demanda,genetic,7,23,16413.593666
alta_demanda,genetic,7,24,16413.593666
alta_demanda,genetic,7,25,16413.593666
alta_demanda,genetic,7,26,16413.593666
alta_demanda,genetic,7,27,16376.722195
alta_demanda,genetic,7,28,16376.722195
alta_demanda,genetic,7,29,16376.722195
alta_demanda,genetic,7,30,16305.015765
alta_demanda,genetic,7,31,16305.015765
alta_demanda,genetic,7,32,16305.015765
alta_demanda,genetic,7,33,16282.763898
alta_demanda,genetic,7,34,16282.763898
alta_demanda,genetic,7,35,16282.763898
alta_demanda,genetic,7,36,16282.763898
alta_demanda,genetic,7,37,16282.763898
alta_demanda,genetic,7,38,16282.763898
alta_demanda,genetic,7,39,16282.763898
alta_demanda,genetic,7,40,16282.763898
alta_demanda,genetic,7,41,16282.763898
alta_demanda,genetic,7,42,16282.763898
alta_demanda,genetic,7,43,16282.763898
alta_demanda,genetic,7,44,16282.763898
alta_demanda,genetic,7,45,16282.763898
alta_demanda,genetic,7,46,16282.763898
alta_demanda,genetic,7,47,16282.763898
alta_demanda,genetic,7,48,16282.763898
alta_demanda,genetic,7,49,16282.763898
alta_demanda,genetic,7,50,16282.763898
alta_demanda,genetic,7,51,16282.763898
alta_demanda,genetic,7,52,16282.763898
alta_demanda,genetic,7,53,16282.763898
alta_demanda,genetic,7,54,16282.763898
alta_demanda,genetic,7,55,16282.763898
alta_demanda,genetic,7,56,16282.763898
alta_demanda,genetic,7,57,16282.763898
alta_demanda,genetic,7,58,16282.763898
alta_demanda,genetic,7,59,16282.763898
alta_demanda,genetic,7,60,16282.763898
alta_demanda,genetic,7,61,16282.763898
alta_demanda,genetic,7,62,16282.763898
alta_demanda,genetic,7,63,16282.763898
alta_demanda,genetic,7,64,16282.763898
alta_demanda,genetic,7,65,16282.763898
alta_demanda,genetic,7,66,16282.763898
alta_demanda,genetic,7,67,16282.763898
alta_demanda,genetic,7,68,16282.763898
alta_demanda,genetic,7,69,16282.763898
alta_demanda,genetic,7,70,16282.763898
alta_demanda,genetic,7,71,16282.763898
alta_demanda,genetic,7,72,16282.763898
alta_demanda,genetic,7,73,16282.763898
alta_demanda,genetic,7,74,16282.763898
alta_demanda,genetic,7,75,16282.763898
alta_demanda,genetic,7,76,16282.763898
alta_demanda,genetic,7,77,16282.763898
alta_demanda,genetic,7,78,16282.763898
alta_demanda,genetic,7,79,16282.763898
alta_demanda,genetic,7,80,16282.763898
alta_demanda,genetic,7,81,16282.763898
alta_demanda,genetic,7,82,16282.763898
alta_demanda,genetic,7,83,16282.763898
alta_demanda,random,8,1,171385.221190
alta_demanda,genetic,8,1,24225.607201
alta_demanda,genetic,8,2,17113.514789
alta_demanda,genetic,8,3,17113.514789
alta_demanda,genetic,8,4,17113.514789
alta_demanda,genetic,8,5,17113.514789
alta_demanda,genetic,8,6,17113.514789
alta_demanda,genetic,8,7,16804.116112
alta_demanda,genetic,8,8,16804.116112
alta_demanda,genetic,8,9,16804.116112
alta_demanda,genetic,8,10,16751.574782
alta_demanda,genetic,8,11,16751.574782
alta_demanda,genetic,8,12,16751.574782
alta_demanda,genetic,8,13,16751.574782
alta_demanda,genetic,8,14,16751.574782
alta_demanda,genetic,8,15,16751.574782
alta_demanda,genetic,8,16,16528.023324
alta_demanda,genetic,8,17,16528.023324
alta_demanda,genetic,8,18,16528.023324
alta_demanda,genetic,8,19,16523.702274
alta_demanda,genetic,8,20,16523.702274
alta_demanda,genetic,8,21,16397.193556
alta_demanda,genetic,8,22,16397.193556
alta_demanda,genetic,8,23,16397.193556
alta_demanda,genetic,8,24,16397.193556
alta_demanda,genetic,8,25,16397.193556
alta_demanda,genetic,8,26,16397.193556
alta_demanda,genetic,8,27,16397.193556
alta_demanda,genetic,8,28,16397.193556
alta_demanda,genetic,8,29,16397.193556
alta_demanda,genetic,8,30,16324.686291
alta_demanda,genetic,8,31,16324.686291
alta_demanda,genetic,8,32,16324.686291
alta_demanda,genetic,8,33,16324.686291
alta_demanda,genetic,8,34,16305.015765
alta_demanda,genetic,8,35,16305.015765
alta_demanda,genetic,8,36,16305.015765
alta_demanda,genetic,8,37,16305.015765
alta_demanda,genetic,8,38,16305.015765
alta_demanda,genetic,8,39,16305.015765
alta_demanda,genetic,8,40,16305.015765
alta_demanda,genetic,8,41,16305.015765
alta_demanda,genetic,8,42,16305.015765
alta_demanda,genetic,8,43,16282.763898
alta_demanda,genetic,8,44,16282.763898
alta_demanda,genetic,8,45,16282.763898
alta_demanda,genetic,8,46,16282.763898
alta_demanda,genetic,8,47,16282.763898
alta_demanda,genetic,8,48,16282.763898
alta_demanda,genetic,8,49,16282.763898
alta_demanda,genetic,8,50,16282.763898
alta_demanda,genetic,8,51,16282.763898
alta_demanda,genetic,8,52,16282.763898
alta_demanda,genetic,8,53,16282.763898
alta_demanda,genetic,8,54,16282.763898
alta_demanda,genetic,8,55,16282.763898
alta_demanda,genetic,8,56,16282.763898
alta_demanda,genetic,8,57,16282.763898
alta_demanda,genetic,8,58,16282.763898
alta_demanda,genetic,8,59,16282.763898
alta_demanda,genetic,8,60,16282.763898
alta_demanda,genetic,8,61,16282.763898
alta_demanda,genetic,8,62,16282.763898
alta_demanda,genetic,8,63,16282.763898
alta_demanda,genetic,8,64,16282.763898
alta_demanda,genetic,8,65,16282.763898
alta_demanda,genetic,8,66,16282.763898
alta_demanda,genetic,8,67,16282.763898
alta_demanda,genetic,8,68,16282.763898
alta_demanda,genetic,8,69,16282.763898
alta_demanda,genetic,8,70,16282.763898
alta_demanda,genetic,8,71,16282.763898
alta_demanda,genetic,8,72,16282.763898
alta_demanda,genetic,8,73,16282.763898
alta_demanda,genetic,8,74,16282.763898
alta_demanda,genetic,8,75,16282.763898
alta_demanda,genetic,8,76,16282.763898
alta_demanda,genetic,8,77,16282.763898
alta_demanda,genetic,8,78,16282.763898
alta_demanda,genetic,8,79,16282.763898
alta_demanda,genetic,8,80,16282.763898
alta_demanda,genetic,8,81,16282.763898
alta_demanda,genetic,8,82,16282.763898
alta_demanda,genetic,8,83,16282.763898
alta_demanda,genetic,8,84,16282.763898
alta_demanda,genetic,8,85,16282.763898
alta_demanda,genetic,8,86,16282.763898
alta_demanda,genetic,8,87,16282.763898
alta_demanda,genetic,8,88,16282.763898
alta_demanda,genetic,8,89,16282.763898
alta_demanda,genetic,8,90,16282.763898
alta_demanda,genetic,8,91,16282.763898
alta_demanda,genetic,8,92,16282.763898
alta_demanda,genetic,8,93,16282.763898
alta_demanda,random,9,1,36214.462603
alta_demanda,genetic,9,1,22642.081814
alta_demanda,genetic,9,2,16777.811272
alta_demanda,genetic,9,3,16777.811272
alta_demanda,genetic,9,4,16777.811272
alta_demanda,genetic,9,5,16777.811272
alta_demanda,genetic,9,6,16777.811272
alta_demanda,genetic,9,7,16777.811272
alta_demanda,genetic,9,8,16777.811272
alta_demanda,genetic,9,9,16645.619601
alta_demanda,genetic,9,10,16597.062233
alta_demanda,genetic,9,11,16573.612133
alta_demanda,genetic,9,12,16573.612133
alta_demanda,genetic,9,13,16573.612133
alta_demanda,genetic,9,14,16573.612133
alta_demanda,genetic,9,15,16428.148080
alta_demanda,genetic,9,16,16225.310844
alta_demanda,genetic,9,17,16225.310844
alta_demanda,genetic,9,18,16225.310844
alta_demanda,genetic,9,19,16225.310844
alta_demanda,genetic,9,20,16225.310844
alta_demanda,genetic,9,21,16225.310844
alta_demanda,genetic,9,22,16225.310844
alta_demanda,genetic,9,23,16225.310844
alta_demanda,genetic,9,24,16225.310844
alta_demanda,genetic,9,25,16225.310844
alta_demanda,genetic,9,26,16225.310844
alta_demanda,genetic,9,27,16225.310844
alta_demanda,genetic,9,28,16180.977674
alta_demanda,genetic,9,29,16180.977674
alta_demanda,genetic,9,30,16180.977674
alta_demanda,genetic,9,31,16180.977674
alta_demanda,genetic,9,32,16180.977674
alta_demanda,genetic,9,33,16180.977674
alta_demanda,genetic,9,34,16180.977674
alta_demanda,genetic,9,35,16180.977674
alta_demanda,genetic,9,36,16180.977674
alta_demanda,genetic,9,37,16180.977674
alta_demanda,genetic,9,38,16180.977674
alta_demanda,genetic,9,39,16180.977674
alta_demanda,genetic,9,40,16180.977674
alta_demanda,genetic,9,41,16180.977674
alta_demanda,genetic,9,42,16180.977674
alta_demanda,genetic,9,43,16180.977674
alta_demanda,genetic,9,44,16180.977674
alta_demanda,genetic,9,45,16180.977674
alta_demanda,genetic,9,46,16180.977674
alta_demanda,genetic,9,47,16180.977674
alta_demanda,genetic,9,48,16180.977674
alta_demanda,genetic,9,49,16180.977674
alta_demanda,genetic,9,50,16180.977674
alta_demanda,genetic,9,51,16180.977674
alta_demanda,genetic,9,52,16180.977674
alta_demanda,genetic,9,53,16180.977674
alta_demanda,genetic,9,54,16180.977674
alta_demanda,genetic,9,55,16180.977674
alta_demanda,genetic,9,56,16180.977674
alta_demanda,genetic,9,57,16180.977674
alta_demanda,genetic,9,58,16180.977674
alta_demanda,genetic,9,59,16180.977674
alta_demanda,genetic,9,60,16180.977674
alta_demanda,genetic,9,61,16180.977674
alta_demanda,genetic,9,62,16180.977674
alta_demanda,genetic,9,63,16180.977674
alta_demanda,genetic,9,64,16180.977674
alta_demanda,genetic,9,65,16180.977674
alta_demanda,genetic,9,66,16180.977674
alta_demanda,genetic,9,67,16180.977674
alta_demanda,genetic,9,68,16180.977674
alta_demanda,genetic,9,69,16180.977674
alta_demanda,genetic,9,70,16180.977674
alta_demanda,genetic,9,71,16180.977674
alta_demanda,genetic,9,72,16180.977674
alta_demanda,genetic,9,73,16180.977674
alta_demanda,genetic,9,74,16180.977674
alta_demanda,genetic,9,75,16180.977674
alta_demanda,genetic,9,76,16180.977674
alta_demanda,genetic,9,77,16180.977674
alta_demanda,genetic,9,78,16180.977674
alta_demanda,random,10,1,373730.454100
alta_demanda,genetic,10,1,18068.539203
alta_demanda,genetic,10,2,18068.539203
alta_demanda,genetic,10,3,17924.681846
alta_demanda,genetic,10,4,17450.687647
alta_demanda,genetic,10,5,17275.987346
alta_demanda,genetic,10,6,17275.987346
alta_demanda,genetic,10,7,17275.987346
alta_demanda,genetic,10,8,17275.987346
alta_demanda,genetic,10,9,17275.987346
alta_demanda,genetic,10,10,16699.180600
alta_demanda,genetic,10,11,16290.569371
alta_demanda,genetic,10,12,16290.569371
alta_demanda,genetic,10,13,16290.569371
alta_demanda,genetic,10,14,16290.569371
alta_demanda,genetic,10,15,16290.569371
alta_demanda,genetic,10,16,16290.569371
alta_demanda,genetic,10,17,16290.569371
alta_demanda,genetic,10,18,16290.569371
alta_demanda,genetic,10,19,16100.046509
alta_demanda,genetic,10,20,16100.046509
alta_demanda,genetic,10,21,16100.046509
alta_demanda,genetic,10,22,16100.046509
alta_demanda,genetic,10,23,16100.046509
alta_demanda,genetic,10,24,16100.046509
alta_demanda,genetic,10,25,16100.046509
alta_demanda,genetic,10,26,16100.046509
alta_demanda,genetic,10,27,16100.046509
alta_demanda,genetic,10,28,16100.046509
alta_demanda,genetic,10,29,16100.046509
alta_demanda,genetic,10,30,16100.046509
alta_demanda,genetic,10,31,16100.046509
alta_demanda,genetic,10,32,16100.046509
alta_demanda,genetic,10,33,16100.046509
alta_demanda,genetic,10,34,16100.046509
alta_demanda,genetic,10,35,16100.046509
alta_demanda,genetic,10,36,16100.046509
alta_demanda,genetic,10,37,16100.046509
alta_demanda,genetic,10,38,16100.046509
alta_demanda,genetic,10,39,16100.046509
alta_demanda,genetic,10,40,16100.046509
alta_demanda,genetic,10,41,16100.046509
alta_demanda,genetic,10,42,16059.555678
alta_demanda,genetic,10,43,16059.555678
alta_demanda,genetic,10,44,16059.555678
alta_demanda,genetic,10,45,16059.555678
alta_demanda,genetic,10,46,16059.555678
alta_demanda,genetic,10,47,16059.555678
alta_demanda,genetic,10,48,16059.555678
alta_demanda,genetic,10,49,16059.555678
alta_demanda,genetic,10,50,16059.555678
alta_demanda,genetic,10,51,16059.555678
alta_demanda,genetic,10,52,16059.555678
alta_demanda,genetic,10,53,16059.555678
alta_demanda,genetic,10,54,16059.555678
alta_demanda,genetic,10,55,16059.555678
alta_demanda,genetic,10,56,16059.555678
alta_demanda,genetic,10,57,16059.555678
alta_demanda,genetic,10,58,16059.555678
alta_demanda,genetic,10,59,16059.555678
alta_demanda,genetic,10,60,16059.555678
alta_demanda,genetic,10,61,16059.555678
alta_demanda,genetic,10,62,16059.555678
alta_demanda,genetic,10,63,16059.555678
alta_demanda,genetic,10,64,16056.645494
alta_demanda,genetic,10,65,16056.645494
alta_demanda,genetic,10,66,16056.645494
alta_demanda,genetic,10,67,16056.645494
alta_demanda,genetic,10,68,16056.645494
alta_demanda,genetic,10,69,16056.645494
alta_demanda,genetic,10,70,16056.645494
alta_demanda,genetic,10,71,16056.645494
alta_demanda,genetic,10,72,16056.645494
alta_demanda,genetic,10,73,16056.645494
alta_demanda,genetic,10,74,16056.645494
alta_demanda,genetic,10,75,16056.645494
alta_demanda,genetic,10,76,16056.645494
alta_demanda,genetic,10,77,16056.645494
alta_demanda,genetic,10,78,16056.645494
alta_demanda,genetic,10,79,16056.645494
alta_demanda,genetic,10,80,16056.645494
alta_demanda,genetic,10,81,16056.645494
alta_demanda,genetic,10,82,16056.645494
alta_demanda,genetic,10,83,16056.645494
alta_demanda,genetic,10,84,16056.645494
alta_demanda,genetic,10,85,16056.645494
alta_demanda,genetic,10,86,16056.645494
alta_demanda,genetic,10,87,16056.645494
alta_demanda,genetic,10,88,16056.645494
alta_demanda,genetic,10,89,16056.645494
alta_demanda,genetic,10,90,16056.645494
alta_demanda,genetic,10,91,16056.645494
alta_demanda,genetic,10,92,16056.645494
alta_demanda,genetic,10,93,16056.645494
alta_demanda,genetic,10,94,16056.645494
alta_demanda,genetic,10,95,16056.645494
alta_demanda,genetic,10,96,16056.645494
alta_demanda,genetic,10,97,16056.645494
alta_demanda,genetic,10,98,16056.645494
alta_demanda,genetic,10,99,16056.645494
alta_demanda,genetic,10,100,16056.645494
alta_demanda,genetic,10,101,16056.645494
alta_demanda,genetic,10,102,16056.645494
alta_demanda,genetic,10,103,16056.645494
alta_demanda,genetic,10,104,16056.645494
alta_demanda,genetic,10,105,16056.645494
alta_demanda,genetic,10,106,16056.645494
alta_demanda,genetic,10,107,16056.645494
alta_demanda,genetic,10,108,16056.645494
alta_demanda,genetic,10,109,16056.645494
alta_demanda,genetic,10,110,16009.241889
alta_demanda,genetic,10,111,16009.241889
alta_demanda,genetic,10,112,16009.241889
alta_demanda,genetic,10,113,15864.578777
alta_demanda,genetic,10,114,15864.578777
alta_demanda,genetic,10,115,15864.578777
alta_demanda,genetic,10,116,15864.578777
alta_demanda,genetic,10,117,15864.578777
alta_demanda,genetic,10,118,15864.578777
alta_demanda,genetic,10,119,15864.578777
alta_demanda,genetic,10,120,15864.578777
alta_demanda,genetic,10,121,15864.578777
alta_demanda,genetic,10,122,15864.578777
alta_demanda,genetic,10,123,15811.661761
alta_demanda,genetic,10,124,15811.661761
alta_demanda,genetic,10,125,15811.661761
alta_demanda,genetic,10,126,15811.661761
alta_demanda,genetic,10,127,15811.661761
alta_demanda,genetic,10,128,15811.661761
alta_demanda,genetic,10,129,15811.661761
alta_demanda,genetic,10,130,15811.661761
alta_demanda,genetic,10,131,15811.661761
alta_demanda,genetic,10,132,15811.661761
alta_demanda,genetic,10,133,15811.661761
alta_demanda,genetic,10,134,15811.661761
alta_demanda,genetic,10,135,15811.661761
alta_demanda,genetic,10,136,15811.661761
alta_demanda,genetic,10,137,15811.661761
alta_demanda,genetic,10,138,15811.661761
alta_demanda,genetic,10,139,15811.661761
alta_demanda,genetic,10,140,15811.661761
alta_demanda,genetic,10,141,15811.661761
alta_demanda,genetic,10,142,15811.661761
alta_demanda,genetic,10,143,15811.661761
alta_demanda,genetic,10,144,15811.661761
alta_demanda,genetic,10,145,15811.661761
alta_demanda,genetic,10,146,15811.661761
alta_demanda,genetic,10,147,15811.661761
alta_demanda,genetic,10,148,15811.661761
alta_demanda,genetic,10,149,15811.661761
alta_demanda,genetic,10,150,15811.661761
alta_demanda,genetic,10,151,15811.661761
alta_demanda,genetic,10,152,15811.661761
alta_demanda,genetic,10,153,15811.661761
alta_demanda,genetic,10,154,15811.661761
alta_demanda,genetic,10,155,15811.661761
alta_demanda,genetic,10,156,15811.661761
alta_demanda,genetic,10,157,15811.661761
alta_demanda,genetic,10,158,15811.661761
alta_demanda,genetic,10,159,15811.661761
alta_demanda,genetic,10,160,15811.661761
alta_demanda,genetic,10,161,15811.661761
alta_demanda,genetic,10,162,15811.661761
alta_demanda,genetic,10,163,15811.661761
alta_demanda,genetic,10,164,15811.661761
alta_demanda,genetic,10,165,15811.661761
alta_demanda,genetic,10,166,15811.661761
alta_demanda,genetic,10,167,15811.661761
alta_demanda,genetic,10,168,15811.661761
alta_demanda,genetic,10,169,15811.661761
alta_demanda,genetic,10,170,15811.661761
alta_demanda,genetic,10,171,15811.661761
alta_demanda,genetic,10,172,15811.661761
alta_demanda,genetic,10,173,15811.661761
baixa_autonomia,nearest_neighbor,1,1,4165803.585966
baixa_autonomia,random,1,1,17662255.748783
baixa_autonomia,genetic,1,1,4459345.828042
baixa_autonomia,genetic,1,2,4459345.828042
baixa_autonomia,genetic,1,3,4416021.932695
baixa_autonomia,genetic,1,4,2224305.286593
baixa_autonomia,genetic,1,5,2224305.286593
baixa_autonomia,genetic,1,6,2224305.286593
baixa_autonomia,genetic,1,7,2224305.286593
baixa_autonomia,genetic,1,8,2224305.286593
baixa_autonomia,genetic,1,9,1028705.685338
baixa_autonomia,genetic,1,10,1028705.685338
baixa_autonomia,genetic,1,11,16913.435029
baixa_autonomia,genetic,1,12,16913.435029
baixa_autonomia,genetic,1,13,16511.714224
baixa_autonomia,genetic,1,14,16449.081368
baixa_autonomia,genetic,1,15,16449.081368
baixa_autonomia,genetic,1,16,16449.081368
baixa_autonomia,genetic,1,17,16449.081368
baixa_autonomia,genetic,1,18,16449.081368
baixa_autonomia,genetic,1,19,16449.081368
baixa_autonomia,genetic,1,20,16449.081368
baixa_autonomia,genetic,1,21,16449.081368
baixa_autonomia,genetic,1,22,16449.081368
baixa_autonomia,genetic,1,23,16449.081368
baixa_autonomia,genetic,1,24,16449.081368
baixa_autonomia,genetic,1,25,16449.081368
baixa_autonomia,genetic,1,26,16449.081368
baixa_autonomia,genetic,1,27,16078.219700
baixa_autonomia,genetic,1,28,15757.757288
baixa_autonomia,genetic,1,29,15757.757288
baixa_autonomia,genetic,1,30,15757.757288
baixa_autonomia,genetic,1,31,15713.120711
baixa_autonomia,genetic,1,32,15713.120711
baixa_autonomia,genetic,1,33,15713.120711
baixa_autonomia,genetic,1,34,15713.120711
baixa_autonomia,genetic,1,35,15713.120711
baixa_autonomia,genetic,1,36,15713.120711
baixa_autonomia,genetic,1,37,15713.120711
baixa_autonomia,genetic,1,38,15713.120711
baixa_autonomia,genetic,1,39,15713.120711
baixa_autonomia,genetic,1,40,15713.120711
baixa_autonomia,genetic,1,41,15713.120711
baixa_autonomia,genetic,1,42,15713.120711
baixa_autonomia,genetic,1,43,15713.120711
baixa_autonomia,genetic,1,44,15713.120711
baixa_autonomia,genetic,1,45,15713.120711
baixa_autonomia,genetic,1,46,15713.120711
baixa_autonomia,genetic,1,47,15713.120711
baixa_autonomia,genetic,1,48,15713.120711
baixa_autonomia,genetic,1,49,15713.120711
baixa_autonomia,genetic,1,50,15713.120711
baixa_autonomia,genetic,1,51,15713.120711
baixa_autonomia,genetic,1,52,15713.120711
baixa_autonomia,genetic,1,53,15713.120711
baixa_autonomia,genetic,1,54,15713.120711
baixa_autonomia,genetic,1,55,15713.120711
baixa_autonomia,genetic,1,56,15713.120711
baixa_autonomia,genetic,1,57,15713.120711
baixa_autonomia,genetic,1,58,15713.120711
baixa_autonomia,genetic,1,59,15713.120711
baixa_autonomia,genetic,1,60,15713.120711
baixa_autonomia,genetic,1,61,15713.120711
baixa_autonomia,genetic,1,62,15713.120711
baixa_autonomia,genetic,1,63,15713.120711
baixa_autonomia,genetic,1,64,15713.120711
baixa_autonomia,genetic,1,65,15713.120711
baixa_autonomia,genetic,1,66,15713.120711
baixa_autonomia,genetic,1,67,15713.120711
baixa_autonomia,genetic,1,68,15713.120711
baixa_autonomia,genetic,1,69,15713.120711
baixa_autonomia,genetic,1,70,15713.120711
baixa_autonomia,genetic,1,71,15713.120711
baixa_autonomia,genetic,1,72,15713.120711
baixa_autonomia,genetic,1,73,15713.120711
baixa_autonomia,genetic,1,74,15713.120711
baixa_autonomia,genetic,1,75,15713.120711
baixa_autonomia,genetic,1,76,15713.120711
baixa_autonomia,genetic,1,77,15689.134000
baixa_autonomia,genetic,1,78,15689.134000
baixa_autonomia,genetic,1,79,15689.134000
baixa_autonomia,genetic,1,80,15689.134000
baixa_autonomia,genetic,1,81,15689.134000
baixa_autonomia,genetic,1,82,15689.134000
baixa_autonomia,genetic,1,83,15570.661087
baixa_autonomia,genetic,1,84,15570.661087
baixa_autonomia,genetic,1,85,15570.661087
baixa_autonomia,genetic,1,86,15570.661087
baixa_autonomia,genetic,1,87,15570.661087
baixa_autonomia,genetic,1,88,15570.661087
baixa_autonomia,genetic,1,89,15570.661087
baixa_autonomia,genetic,1,90,15570.661087
baixa_autonomia,genetic,1,91,15570.661087
baixa_autonomia,genetic,1,92,15570.661087
baixa_autonomia,genetic,1,93,15570.661087
baixa_autonomia,genetic,1,94,15570.661087
baixa_autonomia,genetic,1,95,15570.661087
baixa_autonomia,genetic,1,96,15570.661087
baixa_autonomia,genetic,1,97,15570.661087
baixa_autonomia,genetic,1,98,15570.661087
baixa_autonomia,genetic,1,99,15570.661087
baixa_autonomia,genetic,1,100,15570.661087
baixa_autonomia,genetic,1,101,15570.661087
baixa_autonomia,genetic,1,102,15570.661087
baixa_autonomia,genetic,1,103,15570.661087
baixa_autonomia,genetic,1,104,15570.661087
baixa_autonomia,genetic,1,105,15570.661087
baixa_autonomia,genetic,1,106,15570.661087
baixa_autonomia,genetic,1,107,15570.661087
baixa_autonomia,genetic,1,108,15570.661087
baixa_autonomia,genetic,1,109,15570.661087
baixa_autonomia,genetic,1,110,15570.661087
baixa_autonomia,genetic,1,111,15570.661087
baixa_autonomia,genetic,1,112,15570.661087
baixa_autonomia,genetic,1,113,15570.661087
baixa_autonomia,genetic,1,114,15570.661087
baixa_autonomia,genetic,1,115,15570.661087
baixa_autonomia,genetic,1,116,15570.661087
baixa_autonomia,genetic,1,117,15570.661087
baixa_autonomia,genetic,1,118,15570.661087
baixa_autonomia,genetic,1,119,15570.661087
baixa_autonomia,genetic,1,120,15570.661087
baixa_autonomia,genetic,1,121,15570.661087
baixa_autonomia,genetic,1,122,15570.661087
baixa_autonomia,genetic,1,123,15570.661087
baixa_autonomia,genetic,1,124,15570.661087
baixa_autonomia,genetic,1,125,15570.661087
baixa_autonomia,genetic,1,126,15570.661087
baixa_autonomia,genetic,1,127,15570.661087
baixa_autonomia,genetic,1,128,15570.661087
baixa_autonomia,genetic,1,129,15570.661087
baixa_autonomia,genetic,1,130,15570.661087
baixa_autonomia,genetic,1,131,15570.661087
baixa_autonomia,genetic,1,132,15570.661087
baixa_autonomia,genetic,1,133,15570.661087
baixa_autonomia,random,2,1,14164368.102968
baixa_autonomia,genetic,2,1,3543553.717976
baixa_autonomia,genetic,2,2,3496046.665714
baixa_autonomia,genetic,2,3,1346253.740366
baixa_autonomia,genetic,2,4,44617.344836
baixa_autonomia,genetic,2,5,44617.344836
baixa_autonomia,genetic,2,6,44617.344836
baixa_autonomia,genetic,2,7,44617.344836
baixa_autonomia,genetic,2,8,44617.344836
baixa_autonomia,genetic,2,9,17546.102651
baixa_autonomia,genetic,2,10,17546.102651
baixa_autonomia,genetic,2,11,17546.102651
baixa_autonomia,genetic,2,12,17546.102651
baixa_autonomia,genetic,2,13,17350.347211
baixa_autonomia,genetic,2,14,17350.347211
baixa_autonomia,genetic,2,15,17350.347211
baixa_autonomia,genetic,2,16,17350.347211
baixa_autonomia,genetic,2,17,17132.672481
baixa_autonomia,genetic,2,18,16483.642039
baixa_autonomia,genetic,2,19,16483.642039
baixa_autonomia,genetic,2,20,16483.642039
baixa_autonomia,genetic,2,21,16483.642039
baixa_autonomia,genetic,2,22,16180.530034
baixa_autonomia,genetic,2,23,16180.530034
baixa_autonomia,genetic,2,24,16180.530034
baixa_autonomia,genetic,2,25,15689.134000
baixa_autonomia,genetic,2,26,15689.134000
baixa_autonomia,genetic,2,27,15689.134000
baixa_autonomia,genetic,2,28,15689.134000
baixa_autonomia,genetic,2,29,15689.134000
baixa_autonomia,genetic,2,30,15689.134000
baixa_autonomia,genetic,2,31,15689.134000
baixa_autonomia,genetic,2,32,15689.134000
baixa_autonomia,genetic,2,33,15689.134000
baixa_autonomia,genetic,2,34,15689.134000
baixa_autonomia,genetic,2,35,15689.134000
baixa_autonomia,genetic,2,36,15689.134000
baixa_autonomia,genetic,2,37,15689.134000
baixa_autonomia,genetic,2,38,15689.134000
baixa_autonomia,genetic,2,39,15689.134000
baixa_autonomia,genetic,2,40,15689.134000
baixa_autonomia,genetic,2,41,15689.134000
baixa_autonomia,genetic,2,42,15689.134000
baixa_autonomia,genetic,2,43,15570.661087
baixa_autonomia,genetic,2,44,15570.661087
baixa_autonomia,genetic,2,45,15570.661087
baixa_autonomia,genetic,2,46,15570.661087
baixa_autonomia,genetic,2,47,15570.661087
baixa_autonomia,genetic,2,48,15570.661087
baixa_autonomia,genetic,2,49,15570.661087
baixa_autonomia,genetic,2,50,15570.661087
baixa_autonomia,genetic,2,51,15570.661087
baixa_autonomia,genetic,2,52,15570.661087
baixa_autonomia,genetic,2,53,15570.661087
baixa_autonomia,genetic,2,54,15570.661087
baixa_autonomia,genetic,2,55,15570.661087
baixa_autonomia,genetic,2,56,15570.661087
baixa_autonomia,genetic,2,57,15570.661087
baixa_autonomia,genetic,2,58,15570.661087
baixa_autonomia,genetic,2,59,15570.661087
baixa_autonomia,genetic,2,60,15570.661087
baixa_autonomia,genetic,2,61,15570.661087
baixa_autonomia,genetic,2,62,15570.661087
baixa_autonomia,genetic,2,63,15570.661087
baixa_autonomia,genetic,2,64,15570.661087
baixa_autonomia,genetic,2,65,15570.661087
baixa_autonomia,genetic,2,66,15570.661087
baixa_autonomia,genetic,2,67,15570.661087
baixa_autonomia,genetic,2,68,15570.661087
baixa_autonomia,genetic,2,69,15570.661087
baixa_autonomia,genetic,2,70,15570.661087
baixa_autonomia,genetic,2,71,15570.661087
baixa_autonomia,genetic,2,72,15570.661087
baixa_autonomia,genetic,2,73,15570.661087
baixa_autonomia,genetic,2,74,15570.661087
baixa_autonomia,genetic,2,75,15570.661087
baixa_autonomia,genetic,2,76,15570.661087
baixa_autonomia,genetic,2,77,15570.661087
baixa_autonomia,genetic,2,78,15570.661087
baixa_autonomia,genetic,2,79,15570.661087
baixa_autonomia,genetic,2,80,15570.661087
baixa_autonomia,genetic,2,81,15570.661087
baixa_autonomia,genetic,2,82,15570.661087
baixa_autonomia,genetic,2,83,15570.661087
baixa_autonomia,genetic,2,84,15570.661087
baixa_autonomia,genetic,2,85,15570.661087
baixa_autonomia,genetic,2,86,15570.661087
baixa_autonomia,genetic,2,87,15570.661087
baixa_autonomia,genetic,2,88,15570.661087
baixa_autonomia,genetic,2,89,15570.661087
baixa_autonomia,genetic,2,90,15570.661087
baixa_autonomia,genetic,2,91,15570.661087
baixa_autonomia,genetic,2,92,15570.661087
baixa_autonomia,genetic,2,93,15570.661087
baixa_autonomia,random,3,1,13722277.292039
baixa_autonomia,genetic,3,1,3076002.226142
baixa_autonomia,genetic,3,2,3076002.226142
baixa_autonomia,genetic,3,3,3076002.226142
baixa_autonomia,genetic,3,4,3076002.226142
baixa_autonomia,genetic,3,5,1770914.146633
baixa_autonomia,genetic,3,6,1770914.146633
baixa_autonomia,genetic,3,7,1286878.697161
baixa_autonomia,genetic,3,8,1286878.697161
baixa_autonomia,genetic,3,9,1286878.697161
baixa_autonomia,genetic,3,10,1286878.697161
baixa_autonomia,genetic,3,11,1286878.697161
baixa_autonomia,genetic,3,12,1071213.548123
baixa_autonomia,genetic,3,13,915878.344164
baixa_autonomia,genetic,3,14,456081.969601
baixa_autonomia,genetic,3,15,17201.537427
baixa_autonomia,genetic,3,16,17201.537427
baixa_autonomia,genetic,3,17,17201.537427
baixa_autonomia,genetic,3,18,17201.537427
baixa_autonomia,genetic,3,19,17200.339194
baixa_autonomia,genetic,3,20,16280.629128
baixa_autonomia,genetic,3,21,16280.629128
baixa_autonomia,genetic,3,22,16280.629128
baixa_autonomia,genetic,3,23,16280.629128
baixa_autonomia,genetic,3,24,16280.629128
baixa_autonomia,genetic,3,25,16280.629128
baixa_autonomia,genetic,3,26,16280.629128
baixa_autonomia,genetic,3,27,16280.629128
baixa_autonomia,genetic,3,28,16280.629128
baixa_autonomia,genetic,3,29,16280.629128
baixa_autonomia,genetic,3,30,16280.629128
baixa_autonomia,genetic,3,31,16280.629128
baixa_autonomia,genetic,3,32,16280.629128
baixa_autonomia,genetic,3,33,16280.629128
baixa_autonomia,genetic,3,34,16280.629128
baixa_autonomia,genetic,3,35,16280.629128
baixa_autonomia,genetic,3,36,16280.629128
baixa_autonomia,genetic,3,37,16280.629128
baixa_autonomia,genetic,3,38,16280.629128
baixa_autonomia,genetic,3,39,16280.629128
baixa_autonomia,genetic,3,40,16280.629128
baixa_autonomia,genetic,3,41,16280.629128
baixa_autonomia,genetic,3,42,16280.629128
baixa_autonomia,genetic,3,43,16280.629128
baixa_autonomia,genetic,3,44,16280.629128
baixa_autonomia,genetic,3,45,16280.629128
baixa_autonomia,genetic,3,46,16280.629128
baixa_autonomia,genetic,3,47,16280.629128
baixa_autonomia,genetic,3,48,16280.629128
baixa_autonomia,genetic,3,49,16280.629128
baixa_autonomia,genetic,3,50,16280.629128
baixa_autonomia,genetic,3,51,16280.629128
baixa_autonomia,genetic,3,52,16280.629128
baixa_autonomia,genetic,3,53,16280.629128
baixa_autonomia,genetic,3,54,15902.317049
baixa_autonomia,genetic,3,55,15902.317049
baixa_autonomia,genetic,3,56,15902.317049
baixa_autonomia,genetic,3,57,15902.317049
baixa_autonomia,genetic,3,58,15902.317049
baixa_autonomia,genetic,3,59,15902.317049
baixa_autonomia,genetic,3,60,15902.317049
baixa_autonomia,genetic,3,61,15902.317049
baixa_autonomia,genetic,3,62,15902.317049
baixa_autonomia,genetic,3,63,15902.317049
baixa_autonomia,genetic,3,64,15902.317049
baixa_autonomia,genetic,3,65,15902.317049
baixa_autonomia,genetic,3,66,15902.317049
baixa_autonomia,genetic,3,67,15902.317049
baixa_autonomia,genetic,3,68,15902.317049
baixa_autonomia,genetic,3,69,15902.317049
baixa_autonomia,genetic,3,70,15902.317049
baixa_autonomia,genetic,3,71,15902.317049
baixa_autonomia,genetic,3,72,15902.317049
baixa_autonomia,genetic,3,73,15902.317049
baixa_autonomia,genetic,3,74,15902.317049
baixa_autonomia,genetic,3,75,15902.317049
baixa_autonomia,genetic,3,76,15902.317049
baixa_autonomia,genetic,3,77,15902.317049
baixa_autonomia,genetic,3,78,15902.317049
baixa_autonomia,genetic,3,79,15570.661087
baixa_autonomia,genetic,3,80,15570.661087
baixa_autonomia,genetic,3,81,15570.661087
baixa_autonomia,genetic,3,82,15570.661087
baixa_autonomia,genetic,3,83,15570.661087
baixa_autonomia,genetic,3,84,15570.661087
baixa_autonomia,genetic,3,85,15570.661087
baixa_autonomia,genetic,3,86,15570.661087
baixa_autonomia,genetic,3,87,15570.661087
baixa_autonomia,genetic,3,88,15570.661087
baixa_autonomia,genetic,3,89,15570.661087
baixa_autonomia,genetic,3,90,15570.661087
baixa_autonomia,genetic,3,91,15570.661087
baixa_autonomia,genetic,3,92,15570.661087
baixa_autonomia,genetic,3,93,15570.661087
baixa_autonomia,genetic,3,94,15570.661087
baixa_autonomia,genetic,3,95,15570.661087
baixa_autonomia,genetic,3,96,15570.661087
baixa_autonomia,genetic,3,97,15570.661087
baixa_autonomia,genetic,3,98,15570.661087
baixa_autonomia,genetic,3,99,15570.661087
baixa_autonomia,genetic,3,100,15570.661087
baixa_autonomia,genetic,3,101,15570.661087
baixa_autonomia,genetic,3,102,15570.661087
baixa_autonomia,genetic,3,103,15570.661087
baixa_autonomia,genetic,3,104,15570.661087
baixa_autonomia,genetic,3,105,15570.661087
baixa_autonomia,genetic,3,106,15570.661087
baixa_autonomia,genetic,3,107,15570.661087
baixa_autonomia,genetic,3,108,15570.661087
baixa_autonomia,genetic,3,109,15570.661087
baixa_autonomia,genetic,3,110,15570.661087
baixa_autonomia,genetic,3,111,15570.661087
baixa_autonomia,genetic,3,112,15570.661087
baixa_autonomia,genetic,3,113,15570.661087
baixa_autonomia,genetic,3,114,15570.661087
baixa_autonomia,genetic,3,115,15570.661087
baixa_autonomia,genetic,3,116,15570.661087
baixa_autonomia,genetic,3,117,15570.661087
baixa_autonomia,genetic,3,118,15570.661087
baixa_autonomia,genetic,3,119,15570.661087
baixa_autonomia,genetic,3,120,15570.661087
baixa_autonomia,genetic,3,121,15570.661087
baixa_autonomia,genetic,3,122,15570.661087
baixa_autonomia,genetic,3,123,15570.661087
baixa_autonomia,genetic,3,124,15570.661087
baixa_autonomia,genetic,3,125,15570.661087
baixa_autonomia,genetic,3,126,15570.661087
baixa_autonomia,genetic,3,127,15570.661087
baixa_autonomia,genetic,3,128,15570.661087
baixa_autonomia,genetic,3,129,15570.661087
baixa_autonomia,random,4,1,7187486.196052
baixa_autonomia,genetic,4,1,6227715.295119
baixa_autonomia,genetic,4,2,104795.262691
baixa_autonomia,genetic,4,3,104795.262691
baixa_autonomia,genetic,4,4,16764.593474
baixa_autonomia,genetic,4,5,16764.593474
baixa_autonomia,genetic,4,6,16764.593474
baixa_autonomia,genetic,4,7,16764.593474
baixa_autonomia,genetic,4,8,16329.162647
baixa_autonomia,genetic,4,9,16329.162647
baixa_autonomia,genetic,4,10,16329.162647
baixa_autonomia,genetic,4,11,15831.593624
baixa_autonomia,genetic,4,12,15831.593624
baixa_autonomia,genetic,4,13,15831.593624
baixa_autonomia,genetic,4,14,15831.593624
baixa_autonomia,genetic,4,15,15831.593624
baixa_autonomia,genetic,4,16,15831.593624
baixa_autonomia,genetic,4,17,15831.593624
baixa_autonomia,genetic,4,18,15831.593624
baixa_autonomia,genetic,4,19,15831.593624
baixa_autonomia,genetic,4,20,15831.593624
baixa_autonomia,genetic,4,21,15831.593624
baixa_autonomia,genetic,4,22,15831.593624
baixa_autonomia,genetic,4,23,15831.593624
baixa_autonomia,genetic,4,24,15831.593624
baixa_autonomia,genetic,4,25,15831.593624
baixa_autonomia,genetic,4,26,15831.593624
baixa_autonomia,genetic,4,27,15831.593624
baixa_autonomia,genetic,4,28,15831.593624
baixa_autonomia,genetic,4,29,15831.593624
baixa_autonomia,genetic,4,30,15831.593624
baixa_autonomia,genetic,4,31,15828.552678
baixa_autonomia,genetic,4,32,15828.552678
baixa_autonomia,genetic,4,33,15828.552678
baixa_autonomia,genetic,4,34,15828.552678
baixa_autonomia,genetic,4,35,15828.552678
baixa_autonomia,genetic,4,36,15828.552678
baixa_autonomia,genetic,4,37,15828.552678
baixa_autonomia,genetic,4,38,15828.552678
baixa_autonomia,genetic,4,39,15828.552678
baixa_autonomia,genetic,4,40,15828.552678
baixa_autonomia,genetic,4,41,15828.552678
baixa_autonomia,genetic,4,42,15828.552678
baixa_autonomia,genetic,4,43,15828.552678
baixa_autonomia,genetic,4,44,15828.552678
baixa_autonomia,genetic,4,45,15828.552678
baixa_autonomia,genetic,4,46,15757.757288
baixa_autonomia,genetic,4,47,15757.757288
baixa_autonomia,genetic,4,48,15757.757288
baixa_autonomia,genetic,4,49,15757.757288
baixa_autonomia,genetic,4,50,15689.134000
baixa_autonomia,genetic,4,51,15689.134000
baixa_autonomia,genetic,4,52,15689.134000
baixa_autonomia,genetic,4,53,15689.134000
baixa_autonomia,genetic,4,54,15689.134000
baixa_autonomia,genetic,4,55,15689.134000
baixa_autonomia,genetic,4,56,15689.134000
baixa_autonomia,genetic,4,57,15689.134000
baixa_autonomia,genetic,4,58,15689.134000
baixa_autonomia,genetic,4,59,15689.134000
baixa_autonomia,genetic,4,60,15689.134000
baixa_autonomia,genetic,4,61,15689.134000
baixa_autonomia,genetic,4,62,15689.134000
baixa_autonomia,genetic,4,63,15689.134000
baixa_autonomia,genetic,4,64,15689.134000
baixa_autonomia,genetic,4,65,15615.297664
baixa_autonomia,genetic,4,66,15615.297664
baixa_autonomia,genetic,4,67,15615.297664
baixa_autonomia,genetic,4,68,15615.297664
baixa_autonomia,genetic,4,69,15615.297664
baixa_autonomia,genetic,4,70,15615.297664
baixa_autonomia,genetic,4,71,15615.297664
baixa_autonomia,genetic,4,72,15615.297664
baixa_autonomia,genetic,4,73,15615.297664
baixa_autonomia,genetic,4,74,15615.297664
baixa_autonomia,genetic,4,75,15615.297664
baixa_autonomia,genetic,4,76,15615.297664
baixa_autonomia,genetic,4,77,15615.297664
baixa_autonomia,genetic,4,78,15615.297664
baixa_autonomia,genetic,4,79,15615.297664
baixa_autonomia,genetic,4,80,15615.297664
baixa_autonomia,genetic,4,81,15615.297664
baixa_autonomia,genetic,4,82,15615.297664
baixa_autonomia,genetic,4,83,15615.297664
baixa_autonomia,genetic,4,84,15615.297664
baixa_autonomia,genetic,4,85,15615.297664
baixa_autonomia,genetic,4,86,15615.297664
baixa_autonomia,genetic,4,87,15615.297664
baixa_autonomia,genetic,4,88,15615.297664
baixa_autonomia,genetic,4,89,15615.297664
baixa_autonomia,genetic,4,90,15615.297664
baixa_autonomia,genetic,4,91,15615.297664
baixa_autonomia,genetic,4,92,15615.297664
baixa_autonomia,genetic,4,93,15615.297664
baixa_autonomia,genetic,4,94,15615.297664
baixa_autonomia,genetic,4,95,15615.297664
baixa_autonomia,genetic,4,96,15615.297664
baixa_autonomia,genetic,4,97,15615.297664
baixa_autonomia,genetic,4,98,15615.297664
baixa_autonomia,genetic,4,99,15615.297664
baixa_autonomia,genetic,4,100,15615.297664
baixa_autonomia,genetic,4,101,15615.297664
baixa_autonomia,genetic,4,102,15615.297664
baixa_autonomia,genetic,4,103,15615.297664
baixa_autonomia,genetic,4,104,15615.297664
baixa_autonomia,genetic,4,105,15615.297664
baixa_autonomia,genetic,4,106,15615.297664
baixa_autonomia,genetic,4,107,15615.297664
baixa_autonomia,genetic,4,108,15615.297664
baixa_autonomia,genetic,4,109,15615.297664
baixa_autonomia,genetic,4,110,15615.297664
baixa_autonomia,genetic,4,111,15615.297664
baixa_autonomia,genetic,4,112,15615.297664
baixa_autonomia,genetic,4,113,15615.297664
baixa_autonomia,genetic,4,114,15424.608576
baixa_autonomia,genetic,4,115,15424.608576
baixa_autonomia,genetic,4,116,15424.608576
baixa_autonomia,genetic,4,117,15424.608576
baixa_autonomia,genetic,4,118,15424.608576
baixa_autonomia,genetic,4,119,15424.608576
baixa_autonomia,genetic,4,120,15424.608576
baixa_autonomia,genetic,4,121,15424.608576
baixa_autonomia,genetic,4,122,15424.608576
baixa_autonomia,genetic,4,123,15424.608576
baixa_autonomia,genetic,4,124,15424.608576
baixa_autonomia,genetic,4,125,15424.608576
baixa_autonomia,genetic,4,126,15424.608576
baixa_autonomia,genetic,4,127,15424.608576
baixa_autonomia,genetic,4,128,15424.608576
baixa_autonomia,genetic,4,129,15424.608576
baixa_autonomia,genetic,4,130,15424.608576
baixa_autonomia,genetic,4,131,15424.608576
baixa_autonomia,genetic,4,132,15424.608576
baixa_autonomia,genetic,4,133,15424.608576
baixa_autonomia,genetic,4,134,15424.608576
baixa_autonomia,genetic,4,135,15424.608576
baixa_autonomia,genetic,4,136,15424.608576
baixa_autonomia,genetic,4,137,15424.608576
baixa_autonomia,genetic,4,138,15424.608576
baixa_autonomia,genetic,4,139,15424.608576
baixa_autonomia,genetic,4,140,15424.608576
baixa_autonomia,genetic,4,141,15424.608576
baixa_autonomia,genetic,4,142,15424.608576
baixa_autonomia,genetic,4,143,15424.608576
baixa_autonomia,genetic,4,144,15424.608576
baixa_autonomia,genetic,4,145,15424.608576
baixa_autonomia,genetic,4,146,15424.608576
baixa_autonomia,genetic,4,147,15424.608576
baixa_autonomia,genetic,4,148,15424.608576
baixa_autonomia,genetic,4,149,15424.608576
baixa_autonomia,genetic,4,150,15424.608576
baixa_autonomia,genetic,4,151,15424.608576
baixa_autonomia,genetic,4,152,15424.608576
baixa_autonomia,genetic,4,153,15424.608576
baixa_autonomia,genetic,4,154,15424.608576
baixa_autonomia,genetic,4,155,15424.608576
baixa_autonomia,genetic,4,156,15424.608576
baixa_autonomia,genetic,4,157,15424.608576
baixa_autonomia,genetic,4,158,15424.608576
baixa_autonomia,genetic,4,159,15424.608576
baixa_autonomia,genetic,4,160,15424.608576
baixa_autonomia,genetic,4,161,15424.608576
baixa_autonomia,genetic,4,162,15424.608576
baixa_autonomia,genetic,4,163,15424.608576
baixa_autonomia,genetic,4,164,15424.608576
baixa_autonomia,random,5,1,10300257.069522
baixa_autonomia,genetic,5,1,5517492.566775
baixa_autonomia,genetic,5,2,3964163.741107
baixa_autonomia,genetic,5,3,3964163.741107
baixa_autonomia,genetic,5,4,3964163.741107
baixa_autonomia,genetic,5,5,1448659.199212
baixa_autonomia,genetic,5,6,1440990.847812
baixa_autonomia,genetic,5,7,17568.400205
baixa_autonomia,genetic,5,8,16808.805564
baixa_autonomia,genetic,5,9,16808.805564
baixa_autonomia,genetic,5,10,16343.546178
baixa_autonomia,genetic,5,11,16343.546178
baixa_autonomia,genetic,5,12,16343.546178
baixa_autonomia,genetic,5,13,16343.546178
baixa_autonomia,genetic,5,14,16343.546178
baixa_autonomia,genetic,5,15,16343.546178
baixa_autonomia,genetic,5,16,15879.872030
baixa_autonomia,genetic,5,17,15879.872030
baixa_autonomia,genetic,5,18,15879.872030
baixa_autonomia,genetic,5,19,15879.872030
baixa_autonomia,genetic,5,20,15879.872030
baixa_autonomia,genetic,5,21,15879.872030
baixa_autonomia,genetic,5,22,15879.872030
baixa_autonomia,genetic,5,23,15879.872030
baixa_autonomia,genetic,5,24,15879.872030
baixa_autonomia,genetic,5,25,15879.872030
baixa_autonomia,genetic,5,26,15879.872030
baixa_autonomia,genetic,5,27,15879.872030
baixa_autonomia,genetic,5,28,15879.872030
baixa_autonomia,genetic,5,29,15879.872030
baixa_autonomia,genetic,5,30,15879.872030
baixa_autonomia,genetic,5,31,15879.872030
baixa_autonomia,genetic,5,32,15879.872030
baixa_autonomia,genetic,5,33,15879.872030
baixa_autonomia,genetic,5,34,15879.872030
baixa_autonomia,genetic,5,35,15737.412406
baixa_autonomia,genetic,5,36,15737.412406
baixa_autonomia,genetic,5,37,15737.412406
baixa_autonomia,genetic,5,38,15737.412406
baixa_autonomia,genetic,5,39,15737.412406
baixa_autonomia,genetic,5,40,15737.412406
baixa_autonomia,genetic,5,41,15737.412406
baixa_autonomia,genetic,5,42,15737.412406
baixa_autonomia,genetic,5,43,15737.412406
baixa_autonomia,genetic,5,44,15737.412406
baixa_autonomia,genetic,5,45,15737.412406
baixa_autonomia,genetic,5,46,15737.412406
baixa_autonomia,genetic,5,47,15737.412406
baixa_autonomia,genetic,5,48,15737.412406
baixa_autonomia,genetic,5,49,15737.412406
baixa_autonomia,genetic,5,50,15737.412406
baixa_autonomia,genetic,5,51,15737.412406
baixa_autonomia,genetic,5,52,15737.412406
baixa_autonomia,genetic,5,53,15737.412406
baixa_autonomia,genetic,5,54,15737.412406
baixa_autonomia,genetic,5,55,15737.412406
baixa_autonomia,genetic,5,56,15737.412406
baixa_autonomia,genetic,5,57,15737.412406
baixa_autonomia,genetic,5,58,15737.412406
baixa_autonomia,genetic,5,59,15737.412406
baixa_autonomia,genetic,5,60,15737.412406
baixa_autonomia,genetic,5,61,15737.412406
baixa_autonomia,genetic,5,62,15737.412406
baixa_autonomia,genetic,5,63,15737.412406
baixa_autonomia,genetic,5,64,15737.412406
baixa_autonomia,genetic,5,65,15737.412406
baixa_autonomia,genetic,5,66,15737.412406
baixa_autonomia,genetic,5,67,15737.412406
baixa_autonomia,genetic,5,68,15737.412406
baixa_autonomia,genetic,5,69,15737.412406
baixa_autonomia,genetic,5,70,15737.412406
baixa_autonomia,genetic,5,71,15737.412406
baixa_autonomia,genetic,5,72,15737.412406
baixa_autonomia,genetic,5,73,15737.412406
baixa_autonomia,genetic,5,74,15737.412406
baixa_autonomia,genetic,5,75,15737.412406
baixa_autonomia,genetic,5,76,15737.412406
baixa_autonomia,genetic,5,77,15737.412406
baixa_autonomia,genetic,5,78,15737.412406
baixa_autonomia,genetic,5,79,15737.412406
baixa_autonomia,genetic,5,80,15737.412406
baixa_autonomia,genetic,5,81,15737.412406
baixa_autonomia,genetic,5,82,15737.412406
baixa_autonomia,genetic,5,83,15737.412406
baixa_autonomia,genetic,5,84,15737.412406
baixa_autonomia,genetic,5,85,15737.412406
baixa_autonomia,random,6,1,8603971.361515
baixa_autonomia,genetic,6,1,4929636.572348
baixa_autonomia,genetic,6,2,4929636.572348
baixa_autonomia,genetic,6,3,4458469.971494
baixa_autonomia,genetic,6,4,4458469.971494
baixa_autonomia,genetic,6,5,3936397.500895
baixa_autonomia,genetic,6,6,3732157.676144
baixa_autonomia,genetic,6,7,3732157.676144
baixa_autonomia,genetic,6,8,1907568.060166
baixa_autonomia,genetic,6,9,1907568.060166
baixa_autonomia,genetic,6,10,1907568.060166
baixa_autonomia,genetic,6,11,140916.303587
baixa_autonomia,genetic,6,12,140916.303587
baixa_autonomia,genetic,6,13,140916.303587
baixa_autonomia,genetic,6,14,140916.303587
baixa_autonomia,genetic,6,15,140916.303587
baixa_autonomia,genetic,6,16,140916.303587
baixa_autonomia,genetic,6,17,140916.303587
baixa_autonomia,genetic,6,18,140916.303587
baixa_autonomia,genetic,6,19,140916.303587
baixa_autonomia,genetic,6,20,24445.121759
baixa_autonomia,genetic,6,21,17072.982337
baixa_autonomia,genetic,6,22,17072.982337
baixa_autonomia,genetic,6,23,17072.982337
baixa_autonomia,genetic,6,24,17072.982337
baixa_autonomia,genetic,6,25,17072.982337
baixa_autonomia,genetic,6,26,17072.982337
baixa_autonomia,genetic,6,27,17038.368319
baixa_autonomia,genetic,6,28,17017.360199
baixa_autonomia,genetic,6,29,17017.360199
baixa_autonomia,genetic,6,30,17017.360199
baixa_autonomia,genetic,6,31,17017.360199
baixa_autonomia,genetic,6,32,17017.360199
baixa_autonomia,genetic,6,33,17017.360199
baixa_autonomia,genetic,6,34,17017.360199
baixa_autonomia,genetic,6,35,16571.812236
baixa_autonomia,genetic,6,36,16571.812236
baixa_autonomia,genetic,6,37,16571.812236
baixa_autonomia,genetic,6,38,16571.812236
baixa_autonomia,genetic,6,39,16571.812236
baixa_autonomia,genetic,6,40,16571.812236
baixa_autonomia,genetic,6,41,16571.812236
baixa_autonomia,genetic,6,42,16571.812236
baixa_autonomia,genetic,6,43,16571.812236
baixa_autonomia,genetic,6,44,16571.812236
baixa_autonomia,genetic,6,45,16571.812236
baixa_autonomia,genetic,6,46,16571.812236
baixa_autonomia,genetic,6,47,16571.812236
baixa_autonomia,genetic,6,48,16571.812236
baixa_autonomia,genetic,6,49,15757.757288
baixa_autonomia,genetic,6,50,15757.757288
baixa_autonomia,genetic,6,51,15757.757288
baixa_autonomia,genetic,6,52,15757.757288
baixa_autonomia,genetic,6,53,15757.757288
baixa_autonomia,genetic,6,54,15757.757288
baixa_autonomia,genetic,6,55,15757.757288
baixa_autonomia,genetic,6,56,15757.757288
baixa_autonomia,genetic,6,57,15757.757288
baixa_autonomia,genetic,6,58,15757.757288
baixa_autonomia,genetic,6,59,15757.757288
baixa_autonomia,genetic,6,60,15757.757288
baixa_autonomia,genetic,6,61,15757.757288
baixa_autonomia,genetic,6,62,15615.297664
baixa_autonomia,genetic,6,63,15615.297664
baixa_autonomia,genetic,6,64,15615.297664
baixa_autonomia,genetic,6,65,15615.297664
baixa_autonomia,genetic,6,66,15615.297664
baixa_autonomia,genetic,6,67,15615.297664
baixa_autonomia,genetic,6,68,15615.297664
baixa_autonomia,genetic,6,69,15615.297664
baixa_autonomia,genetic,6,70,15615.297664
baixa_autonomia,genetic,6,71,15615.297664
baixa_autonomia,genetic,6,72,15615.297664
baixa_autonomia,genetic,6,73,15615.297664
baixa_autonomia,genetic,6,74,15615.297664
baixa_autonomia,genetic,6,75,15615.297664
baixa_autonomia,genetic,6,76,15615.297664
baixa_autonomia,genetic,6,77,15615.297664
baixa_autonomia,genetic,6,78,15615.297664
baixa_autonomia,genetic,6,79,15615.297664
baixa_autonomia,genetic,6,80,15615.297664
baixa_autonomia,genetic,6,81,15615.297664
baixa_autonomia,genetic,6,82,15615.297664
baixa_autonomia,genetic,6,83,15615.297664
baixa_autonomia,genetic,6,84,15615.297664
baixa_autonomia,genetic,6,85,15615.297664
baixa_autonomia,genetic,6,86,15615.297664
baixa_autonomia,genetic,6,87,15615.297664
baixa_autonomia,genetic,6,88,15615.297664
baixa_autonomia,genetic,6,89,15615.297664
baixa_autonomia,genetic,6,90,15615.297664
baixa_autonomia,genetic,6,91,15615.297664
baixa_autonomia,genetic,6,92,15615.297664
baixa_autonomia,genetic,6,93,15615.297664
baixa_autonomia,genetic,6,94,15615.297664
baixa_autonomia,genetic,6,95,15615.297664
baixa_autonomia,genetic,6,96,15615.297664
baixa_autonomia,genetic,6,97,15615.297664
baixa_autonomia,genetic,6,98,15615.297664
baixa_autonomia,genetic,6,99,15615.297664
baixa_autonomia,genetic,6,100,15615.297664
baixa_autonomia,genetic,6,101,15615.297664
baixa_autonomia,genetic,6,102,15615.297664
baixa_autonomia,genetic,6,103,15615.297664
baixa_autonomia,genetic,6,104,15615.297664
baixa_autonomia,genetic,6,105,15615.297664
baixa_autonomia,genetic,6,106,15615.297664
baixa_autonomia,genetic,6,107,15615.297664
baixa_autonomia,genetic,6,108,15615.297664
baixa_autonomia,genetic,6,109,15615.297664
baixa_autonomia,genetic,6,110,15615.297664
baixa_autonomia,genetic,6,111,15615.297664
baixa_autonomia,genetic,6,112,15615.297664
baixa_autonomia,random,7,1,11435329.080894
baixa_autonomia,genetic,7,1,3108262.937215
baixa_autonomia,genetic,7,2,3108262.937215
baixa_autonomia,genetic,7,3,1710061.206035
baixa_autonomia,genetic,7,4,1710061.206035
baixa_autonomia,genetic,7,5,549535.332779
baixa_autonomia,genetic,7,6,549535.332779
baixa_autonomia,genetic,7,7,549535.332779
baixa_autonomia,genetic,7,8,549535.332779
baixa_autonomia,genetic,7,9,549535.332779
baixa_autonomia,genetic,7,10,549535.332779
baixa_autonomia,genetic,7,11,255782.759517
baixa_autonomia,genetic,7,12,255782.759517
baixa_autonomia,genetic,7,13,147022.803682
baixa_autonomia,genetic,7,14,18001.848239
baixa_autonomia,genetic,7,15,18001.848239
baixa_autonomia,genetic,7,16,17559.291075
baixa_autonomia,genetic,7,17,17025.287316
baixa_autonomia,genetic,7,18,16746.186399
baixa_autonomia,genetic,7,19,16746.186399
baixa_autonomia,genetic,7,20,16746.186399
baixa_autonomia,genetic,7,21,16746.186399
baixa_autonomia,genetic,7,22,16746.186399
baixa_autonomia,genetic,7,23,16746.186399
baixa_autonomia,genetic,7,24,16746.186399
baixa_autonomia,genetic,7,25,16746.186399
baixa_autonomia,genetic,7,26,16746.186399
baixa_autonomia,genetic,7,27,16746.186399
baixa_autonomia,genetic,7,28,16746.186399
baixa_autonomia,genetic,7,29,16582.744953
baixa_autonomia,genetic,7,30,16582.744953
baixa_autonomia,genetic,7,31,16180.530034
baixa_autonomia,genetic,7,32,16180.530034
baixa_autonomia,genetic,7,33,16180.530034
baixa_autonomia,genetic,7,34,16180.530034
baixa_autonomia,genetic,7,35,16180.530034
baixa_autonomia,genetic,7,36,16180.530034
baixa_autonomia,genetic,7,37,16180.530034
baixa_autonomia,genetic,7,38,15902.317049
baixa_autonomia,genetic,7,39,15902.317049
baixa_autonomia,genetic,7,40,15902.317049
baixa_autonomia,genetic,7,41,15902.317049
baixa_autonomia,genetic,7,42,15902.317049
baixa_autonomia,genetic,7,43,15902.317049
baixa_autonomia,genetic,7,44,15902.317049
baixa_autonomia,genetic,7,45,15689.134000
baixa_autonomia,genetic,7,46,15689.134000
baixa_autonomia,genetic,7,47,15570.661087
baixa_autonomia,genetic,7,48,15570.661087
baixa_autonomia,genetic,7,49,15570.661087
baixa_autonomia,genetic,7,50,15570.661087
baixa_autonomia,genetic,7,51,15570.661087
baixa_autonomia,genetic,7,52,15570.661087
baixa_autonomia,genetic,7,53,15570.661087
baixa_autonomia,genetic,7,54,15570.661087
baixa_autonomia,genetic,7,55,15570.661087
baixa_autonomia,genetic,7,56,15570.661087
baixa_autonomia,genetic,7,57,15570.661087
baixa_autonomia,genetic,7,58,15570.661087
baixa_autonomia,genetic,7,59,15570.661087
baixa_autonomia,genetic,7,60,15570.661087
baixa_autonomia,genetic,7,61,15570.661087
baixa_autonomia,genetic,7,62,15570.661087
baixa_autonomia,genetic,7,63,15570.661087
baixa_autonomia,genetic,7,64,15570.661087
baixa_autonomia,genetic,7,65,15570.661087
baixa_autonomia,genetic,7,66,15570.661087
baixa_autonomia,genetic,7,67,15570.661087
baixa_autonomia,genetic,7,68,15570.661087
baixa_autonomia,genetic,7,69,15570.661087
baixa_autonomia,genetic,7,70,15570.661087
baixa_autonomia,genetic,7,71,15570.661087
baixa_autonomia,genetic,7,72,15570.661087
baixa_autonomia,genetic,7,73,15570.661087
baixa_autonomia,genetic,7,74,15570.661087
baixa_autonomia,genetic,7,75,15570.661087
baixa_autonomia,genetic,7,76,15570.661087
baixa_autonomia,genetic,7,77,15570.661087
baixa_autonomia,genetic,7,78,15570.661087
baixa_autonomia,genetic,7,79,15570.661087
baixa_autonomia,genetic,7,80,15570.661087
baixa_autonomia,genetic,7,81,15570.661087
baixa_autonomia,genetic,7,82,15570.661087
baixa_autonomia,genetic,7,83,15570.661087
baixa_autonomia,genetic,7,84,15570.661087
baixa_autonomia,genetic,7,85,15570.661087
baixa_autonomia,genetic,7,86,15570.661087
baixa_autonomia,genetic,7,87,15570.661087
baixa_autonomia,genetic,7,88,15570.661087
baixa_autonomia,genetic,7,89,15570.661087
baixa_autonomia,genetic,7,90,15570.661087
baixa_autonomia,genetic,7,91,15570.661087
baixa_autonomia,genetic,7,92,15570.661087
baixa_autonomia,genetic,7,93,15570.661087
baixa_autonomia,genetic,7,94,15570.661087
baixa_autonomia,genetic,7,95,15570.661087
baixa_autonomia,genetic,7,96,15570.661087
baixa_autonomia,genetic,7,97,15570.661087
baixa_autonomia,random,8,1,13915499.337800
baixa_autonomia,genetic,8,1,9745344.859877
baixa_autonomia,genetic,8,2,2347414.685161
baixa_autonomia,genetic,8,3,2347414.685161
baixa_autonomia,genetic,8,4,1571678.153173
baixa_autonomia,genetic,8,5,1571678.153173
baixa_autonomia,genetic,8,6,1571678.153173
baixa_autonomia,genetic,8,7,1258719.082936
baixa_autonomia,genetic,8,8,1258719.082936
baixa_autonomia,genetic,8,9,1258719.082936
baixa_autonomia,genetic,8,10,16180.530034
baixa_autonomia,genetic,8,11,16180.530034
baixa_autonomia,genetic,8,12,16180.530034
baixa_autonomia,genetic,8,13,16180.530034
baixa_autonomia,genetic,8,14,16180.530034
baixa_autonomia,genetic,8,15,16180.530034
baixa_autonomia,genetic,8,16,16180.530034
baixa_autonomia,genetic,8,17,15959.550434
baixa_autonomia,genetic,8,18,15831.593624
baixa_autonomia,genetic,8,19,15737.412406
baixa_autonomia,genetic,8,20,15737.412406
baixa_autonomia,genetic,8,21,15737.412406
baixa_autonomia,genetic,8,22,15737.412406
baixa_autonomia,genetic,8,23,15737.412406
baixa_autonomia,genetic,8,24,15737.412406
baixa_autonomia,genetic,8,25,15737.412406
baixa_autonomia,genetic,8,26,15737.412406
baixa_autonomia,genetic,8,27,15737.412406
baixa_autonomia,genetic,8,28,15737.412406
baixa_autonomia,genetic,8,29,15737.412406
baixa_autonomia,genetic,8,30,15737.412406
baixa_autonomia,genetic,8,31,15737.412406
baixa_autonomia,genetic,8,32,15737.412406
baixa_autonomia,genetic,8,33,15737.412406
baixa_autonomia,genetic,8,34,15737.412406
baixa_autonomia,genetic,8,35,15737.412406
baixa_autonomia,genetic,8,36,15737.412406
baixa_autonomia,genetic,8,37,15737.412406
baixa_autonomia,genetic,8,38,15737.412406
baixa_autonomia,genetic,8,39,15737.412406
baixa_autonomia,genetic,8,40,15737.412406
baixa_autonomia,genetic,8,41,15737.412406
baixa_autonomia,genetic,8,42,15737.412406
baixa_autonomia,genetic,8,43,15737.412406
baixa_autonomia,genetic,8,44,15737.412406
baixa_autonomia,genetic,8,45,15737.412406
baixa_autonomia,genetic,8,46,15737.412406
baixa_autonomia,genetic,8,47,15737.412406
baixa_autonomia,genetic,8,48,15737.412406
baixa_autonomia,genetic,8,49,15737.412406
baixa_autonomia,genetic,8,50,15737.412406
baixa_autonomia,genetic,8,51,15737.412406
baixa_autonomia,genetic,8,52,15737.412406
baixa_autonomia,genetic,8,53,15737.412406
baixa_autonomia,genetic,8,54,15737.412406
baixa_autonomia,genetic,8,55,15737.412406
baixa_autonomia,genetic,8,56,15737.412406
baixa_autonomia,genetic,8,57,15737.412406
baixa_autonomia,genetic,8,58,15737.412406
baixa_autonomia,genetic,8,59,15737.412406
baixa_autonomia,genetic,8,60,15737.412406
baixa_autonomia,genetic,8,61,15737.412406
baixa_autonomia,genetic,8,62,15737.412406
baixa_autonomia,genetic,8,63,15737.412406
baixa_autonomia,genetic,8,64,15737.412406
baixa_autonomia,genetic,8,65,15737.412406
baixa_autonomia,genetic,8,66,15737.412406
baixa_autonomia,genetic,8,67,15737.412406
baixa_autonomia,genetic,8,68,15737.412406
baixa_autonomia,genetic,8,69,15737.412406
baixa_autonomia,random,9,1,15174733.493545
baixa_autonomia,genetic,9,1,7444458.093628
baixa_autonomia,genetic,9,2,2949473.427617
baixa_autonomia,genetic,9,3,2949473.427617
baixa_autonomia,genetic,9,4,2949473.427617
baixa_autonomia,genetic,9,5,2917393.869395
baixa_autonomia,genetic,9,6,2917393.869395
baixa_autonomia,genetic,9,7,2917393.869395
baixa_autonomia,genetic,9,8,2917393.869395
baixa_autonomia,genetic,9,9,2917393.869395
baixa_autonomia,genetic,9,10,633735.248939
baixa_autonomia,genetic,9,11,633735.248939
baixa_autonomia,genetic,9,12,633735.248939
baixa_autonomia,genetic,9,13,633735.248939
baixa_autonomia,genetic,9,14,633735.248939
baixa_autonomia,genetic,9,15,633735.248939
baixa_autonomia,genetic,9,16,633735.248939
baixa_autonomia,genetic,9,17,633735.248939
baixa_autonomia,genetic,9,18,17751.738868
baixa_autonomia,genetic,9,19,17236.697547
baixa_autonomia,genetic,9,20,17236.697547
baixa_autonomia,genetic,9,21,17236.697547
baixa_autonomia,genetic,9,22,17236.697547
baixa_autonomia,genetic,9,23,17135.835583
baixa_autonomia,genetic,9,24,17135.835583
baixa_autonomia,genetic,9,25,17135.835583
baixa_autonomia,genetic,9,26,17135.835583
baixa_autonomia,genetic,9,27,17135.835583
baixa_autonomia,genetic,9,28,17135.835583
baixa_autonomia,genetic,9,29,17135.835583
baixa_autonomia,genetic,9,30,17135.835583
baixa_autonomia,genetic,9,31,17135.835583
baixa_autonomia,genetic,9,32,17135.835583
baixa_autonomia,genetic,9,33,17135.835583
baixa_autonomia,genetic,9,34,16890.385911
baixa_autonomia,genetic,9,35,16890.385911
baixa_autonomia,genetic,9,36,16088.305587
baixa_autonomia,genetic,9,37,16088.305587
baixa_autonomia,genetic,9,38,16088.305587
baixa_autonomia,genetic,9,39,16088.305587
baixa_autonomia,genetic,9,40,16088.305587
baixa_autonomia,genetic,9,41,16088.305587
baixa_autonomia,genetic,9,42,16088.305587
baixa_autonomia,genetic,9,43,16088.305587
baixa_autonomia,genetic,9,44,16088.305587
baixa_autonomia,genetic,9,45,16088.305587
baixa_autonomia,genetic,9,46,16088.305587
baixa_autonomia,genetic,9,47,16088.305587
baixa_autonomia,genetic,9,48,15781.065186
baixa_autonomia,genetic,9,49,15781.065186
baixa_autonomia,genetic,9,50,15781.065186
baixa_autonomia,genetic,9,51,15781.065186
baixa_autonomia,genetic,9,52,15781.065186
baixa_autonomia,genetic,9,53,15781.065186
baixa_autonomia,genetic,9,54,15781.065186
baixa_autonomia,genetic,9,55,15781.065186
baixa_autonomia,genetic,9,56,15781.065186
baixa_autonomia,genetic,9,57,15781.065186
baixa_autonomia,genetic,9,58,15781.065186
baixa_autonomia,genetic,9,59,15725.946962
baixa_autonomia,genetic,9,60,15725.946962
baixa_autonomia,genetic,9,61,15725.946962
baixa_autonomia,genetic,9,62,15725.946962
baixa_autonomia,genetic,9,63,15725.946962
baixa_autonomia,genetic,9,64,15725.946962
baixa_autonomia,genetic,9,65,15725.946962
baixa_autonomia,genetic,9,66,15725.946962
baixa_autonomia,genetic,9,67,15725.946962
baixa_autonomia,genetic,9,68,15725.946962
baixa_autonomia,genetic,9,69,15725.946962
baixa_autonomia,genetic,9,70,15725.946962
baixa_autonomia,genetic,9,71,15725.946962
baixa_autonomia,genetic,9,72,15725.946962
baixa_autonomia,genetic,9,73,15725.946962
baixa_autonomia,genetic,9,74,15725.946962
baixa_autonomia,genetic,9,75,15725.946962
baixa_autonomia,genetic,9,76,15725.946962
baixa_autonomia,genetic,9,77,15674.161861
baixa_autonomia,genetic,9,78,15674.161861
baixa_autonomia,genetic,9,79,15674.161861
baixa_autonomia,genetic,9,80,15674.161861
baixa_autonomia,genetic,9,81,15674.161861
baixa_autonomia,genetic,9,82,15674.161861
baixa_autonomia,genetic,9,83,15674.161861
baixa_autonomia,genetic,9,84,15674.161861
baixa_autonomia,genetic,9,85,15674.161861
baixa_autonomia,genetic,9,86,15674.161861
baixa_autonomia,genetic,9,87,15674.161861
baixa_autonomia,genetic,9,88,15570.367551
baixa_autonomia,genetic,9,89,15570.367551
baixa_autonomia,genetic,9,90,15570.367551
baixa_autonomia,genetic,9,91,15570.367551
baixa_autonomia,genetic,9,92,15570.367551
baixa_autonomia,genetic,9,93,15570.367551
baixa_autonomia,genetic,9,94,15570.367551
baixa_autonomia,genetic,9,95,15570.367551
baixa_autonomia,genetic,9,96,15570.367551
baixa_autonomia,genetic,9,97,15570.367551
baixa_autonomia,genetic,9,98,15570.367551
baixa_autonomia,genetic,9,99,15570.367551
baixa_autonomia,genetic,9,100,15570.367551
baixa_autonomia,genetic,9,101,15570.367551
baixa_autonomia,genetic,9,102,15570.367551
baixa_autonomia,genetic,9,103,15570.367551
baixa_autonomia,genetic,9,104,15570.367551
baixa_autonomia,genetic,9,105,15570.367551
baixa_autonomia,genetic,9,106,15570.367551
baixa_autonomia,genetic,9,107,15570.367551
baixa_autonomia,genetic,9,108,15570.367551
baixa_autonomia,genetic,9,109,15570.367551
baixa_autonomia,genetic,9,110,15570.367551
baixa_autonomia,genetic,9,111,15570.367551
baixa_autonomia,genetic,9,112,15570.367551
baixa_autonomia,genetic,9,113,15570.367551
baixa_autonomia,genetic,9,114,15570.367551
baixa_autonomia,genetic,9,115,15570.367551
baixa_autonomia,genetic,9,116,15570.367551
baixa_autonomia,genetic,9,117,15570.367551
baixa_autonomia,genetic,9,118,15570.367551
baixa_autonomia,genetic,9,119,15570.367551
baixa_autonomia,genetic,9,120,15570.367551
baixa_autonomia,genetic,9,121,15570.367551
baixa_autonomia,genetic,9,122,15570.367551
baixa_autonomia,genetic,9,123,15570.367551
baixa_autonomia,genetic,9,124,15570.367551
baixa_autonomia,genetic,9,125,15570.367551
baixa_autonomia,genetic,9,126,15570.367551
baixa_autonomia,genetic,9,127,15570.367551
baixa_autonomia,genetic,9,128,15570.367551
baixa_autonomia,genetic,9,129,15570.367551
baixa_autonomia,genetic,9,130,15570.367551
baixa_autonomia,genetic,9,131,15570.367551
baixa_autonomia,genetic,9,132,15570.367551
baixa_autonomia,genetic,9,133,15570.367551
baixa_autonomia,genetic,9,134,15570.367551
baixa_autonomia,genetic,9,135,15570.367551
baixa_autonomia,genetic,9,136,15570.367551
baixa_autonomia,genetic,9,137,15570.367551
baixa_autonomia,genetic,9,138,15570.367551
baixa_autonomia,random,10,1,17459441.047383
baixa_autonomia,genetic,10,1,2860715.463618
baixa_autonomia,genetic,10,2,2860715.463618
baixa_autonomia,genetic,10,3,2860715.463618
baixa_autonomia,genetic,10,4,1711281.436030
baixa_autonomia,genetic,10,5,120439.686713
baixa_autonomia,genetic,10,6,120439.686713
baixa_autonomia,genetic,10,7,120439.686713
baixa_autonomia,genetic,10,8,120439.686713
baixa_autonomia,genetic,10,9,17201.537427
baixa_autonomia,genetic,10,10,17201.537427
baixa_autonomia,genetic,10,11,17201.537427
baixa_autonomia,genetic,10,12,16562.211096
baixa_autonomia,genetic,10,13,16562.211096
baixa_autonomia,genetic,10,14,16562.211096
baixa_autonomia,genetic,10,15,16562.211096
baixa_autonomia,genetic,10,16,16562.211096
baixa_autonomia,genetic,10,17,16474.816045
baixa_autonomia,genetic,10,18,16474.816045
baixa_autonomia,genetic,10,19,16235.992551
baixa_autonomia,genetic,10,20,16235.992551
baixa_autonomia,genetic,10,21,16059.742439
baixa_autonomia,genetic,10,22,16059.742439
baixa_autonomia,genetic,10,23,16059.742439
baixa_autonomia,genetic,10,24,16059.742439
baixa_autonomia,genetic,10,25,16059.742439
baixa_autonomia,genetic,10,26,16059.742439
baixa_autonomia,genetic,10,27,16059.742439
baixa_autonomia,genetic,10,28,16059.742439
baixa_autonomia,genetic,10,29,16059.742439
baixa_autonomia,genetic,10,30,16059.742439
baixa_autonomia,genetic,10,31,16059.742439
baixa_autonomia,genetic,10,32,16059.742439
baixa_autonomia,genetic,10,33,16059.742439
baixa_autonomia,genetic,10,34,16059.742439
baixa_autonomia,genetic,10,35,15959.550434
baixa_autonomia,genetic,10,36,15737.412406
baixa_autonomia,genetic,10,37,15737.412406
baixa_autonomia,genetic,10,38,15737.412406
baixa_autonomia,genetic,10,39,15737.412406
baixa_autonomia,genetic,10,40,15737.412406
baixa_autonomia,genetic,10,41,15737.412406
baixa_autonomia,genetic,10,42,15737.412406
baixa_autonomia,genetic,10,43,15737.412406
baixa_autonomia,genetic,10,44,15737.412406
baixa_autonomia,genetic,10,45,15737.412406
baixa_autonomia,genetic,10,46,15737.412406
baixa_autonomia,genetic,10,47,15737.412406
baixa_autonomia,genetic,10,48,15689.134000
baixa_autonomia,genetic,10,49,15689.134000
baixa_autonomia,genetic,10,50,15689.134000
baixa_autonomia,genetic,10,51,15689.134000
baixa_autonomia,genetic,10,52,15689.134000
baixa_autonomia,genetic,10,53,15689.134000
baixa_autonomia,genetic,10,54,15689.134000
baixa_autonomia,genetic,10,55,15689.134000
baixa_autonomia,genetic,10,56,15689.134000
baixa_autonomia,genetic,10,57,15689.134000
baixa_autonomia,genetic,10,58,15689.134000
baixa_autonomia,genetic,10,59,15689.134000
baixa_autonomia,genetic,10,60,15689.134000
baixa_autonomia,genetic,10,61,15689.134000
baixa_autonomia,genetic,10,62,15689.134000
baixa_autonomia,genetic,10,63,15689.134000
baixa_autonomia,genetic,10,64,15689.134000
baixa_autonomia,genetic,10,65,15689.134000
baixa_autonomia,genetic,10,66,15689.134000
baixa_autonomia,genetic,10,67,15570.661087
baixa_autonomia,genetic,10,68,15570.661087
baixa_autonomia,genetic,10,69,15570.661087
baixa_autonomia,genetic,10,70,15570.661087
baixa_autonomia,genetic,10,71,15570.661087
baixa_autonomia,genetic,10,72,15570.661087
baixa_autonomia,genetic,10,73,15570.661087
baixa_autonomia,genetic,10,74,15570.661087
baixa_autonomia,genetic,10,75,15570.661087
baixa_autonomia,genetic,10,76,15570.661087
baixa_autonomia,genetic,10,77,15570.661087
baixa_autonomia,genetic,10,78,15570.661087
baixa_autonomia,genetic,10,79,15570.661087
baixa_autonomia,genetic,10,80,15570.661087
baixa_autonomia,genetic,10,81,15570.661087
baixa_autonomia,genetic,10,82,15570.661087
baixa_autonomia,genetic,10,83,15570.661087
baixa_autonomia,genetic,10,84,15570.661087
baixa_autonomia,genetic,10,85,15570.661087
baixa_autonomia,genetic,10,86,15570.661087
baixa_autonomia,genetic,10,87,15570.661087
baixa_autonomia,genetic,10,88,15570.661087
baixa_autonomia,genetic,10,89,15570.661087
baixa_autonomia,genetic,10,90,15570.661087
baixa_autonomia,genetic,10,91,15570.661087
baixa_autonomia,genetic,10,92,15570.661087
baixa_autonomia,genetic,10,93,15570.661087
baixa_autonomia,genetic,10,94,15570.661087
baixa_autonomia,genetic,10,95,15570.661087
baixa_autonomia,genetic,10,96,15570.661087
baixa_autonomia,genetic,10,97,15570.661087
baixa_autonomia,genetic,10,98,15570.661087
baixa_autonomia,genetic,10,99,15570.661087
baixa_autonomia,genetic,10,100,15570.661087
baixa_autonomia,genetic,10,101,15570.661087
baixa_autonomia,genetic,10,102,15570.661087
baixa_autonomia,genetic,10,103,15570.661087
baixa_autonomia,genetic,10,104,15570.661087
baixa_autonomia,genetic,10,105,15570.661087
baixa_autonomia,genetic,10,106,15570.661087
baixa_autonomia,genetic,10,107,15570.661087
baixa_autonomia,genetic,10,108,15570.661087
baixa_autonomia,genetic,10,109,15570.661087
baixa_autonomia,genetic,10,110,15570.661087
baixa_autonomia,genetic,10,111,15570.661087
baixa_autonomia,genetic,10,112,15570.661087
baixa_autonomia,genetic,10,113,15570.661087
baixa_autonomia,genetic,10,114,15570.661087
baixa_autonomia,genetic,10,115,15570.661087
baixa_autonomia,genetic,10,116,15570.661087
baixa_autonomia,genetic,10,117,15570.661087
frota_reduzida,nearest_neighbor,1,1,23348.781137
frota_reduzida,random,1,1,2528248.908427
frota_reduzida,genetic,1,1,23901.922206
frota_reduzida,genetic,1,2,23173.479523
frota_reduzida,genetic,1,3,23105.486361
frota_reduzida,genetic,1,4,23105.486361
frota_reduzida,genetic,1,5,22364.580274
frota_reduzida,genetic,1,6,22226.957222
frota_reduzida,genetic,1,7,21598.246990
frota_reduzida,genetic,1,8,21598.246990
frota_reduzida,genetic,1,9,21598.246990
frota_reduzida,genetic,1,10,21598.246990
frota_reduzida,genetic,1,11,21598.246990
frota_reduzida,genetic,1,12,21041.077814
frota_reduzida,genetic,1,13,21041.077814
frota_reduzida,genetic,1,14,20941.589865
frota_reduzida,genetic,1,15,20941.589865
frota_reduzida,genetic,1,16,20607.085661
frota_reduzida,genetic,1,17,20607.085661
frota_reduzida,genetic,1,18,20419.952917
frota_reduzida,genetic,1,19,20419.952917
frota_reduzida,genetic,1,20,20419.952917
frota_reduzida,genetic,1,21,20419.952917
frota_reduzida,genetic,1,22,20419.952917
frota_reduzida,genetic,1,23,20419.952917
frota_reduzida,genetic,1,24,20419.952917
frota_reduzida,genetic,1,25,20419.952917
frota_reduzida,genetic,1,26,20419.952917
frota_reduzida,genetic,1,27,20419.952917
frota_reduzida,genetic,1,28,20419.952917
frota_reduzida,genetic,1,29,20419.952917
frota_reduzida,genetic,1,30,20419.952917
frota_reduzida,genetic,1,31,20419.952917
frota_reduzida,genetic,1,32,20419.952917
frota_reduzida,genetic,1,33,20414.650358
frota_reduzida,genetic,1,34,20412.577013
frota_reduzida,genetic,1,35,20202.734500
frota_reduzida,genetic,1,36,20202.734500
frota_reduzida,genetic,1,37,20202.734500
frota_reduzida,genetic,1,38,20202.734500
frota_reduzida,genetic,1,39,20159.265854
frota_reduzida,genetic,1,40,20093.317480
frota_reduzida,genetic,1,41,19954.589416
frota_reduzida,genetic,1,42,19954.589416
frota_reduzida,genetic,1,43,19868.045949
frota_reduzida,genetic,1,44,19868.045949
frota_reduzida,genetic,1,45,19868.045949
frota_reduzida,genetic,1,46,19868.045949
frota_reduzida,genetic,1,47,19868.045949
frota_reduzida,genetic,1,48,19868.045949
frota_reduzida,genetic,1,49,19868.045949
frota_reduzida,genetic,1,50,19868.045949
frota_reduzida,genetic,1,51,19868.045949
frota_reduzida,genetic,1,52,19868.045949
frota_reduzida,genetic,1,53,19811.156238
frota_reduzida,genetic,1,54,19811.156238
frota_reduzida,genetic,1,55,19811.156238
frota_reduzida,genetic,1,56,19811.156238
frota_reduzida,genetic,1,57,19811.156238
frota_reduzida,genetic,1,58,19811.156238
frota_reduzida,genetic,1,59,19811.156238
frota_reduzida,genetic,1,60,19811.156238
frota_reduzida,genetic,1,61,19811.156238
frota_reduzida,genetic,1,62,19811.156238
frota_reduzida,genetic,1,63,19811.156238
frota_reduzida,genetic,1,64,19811.156238
frota_reduzida,genetic,1,65,19811.156238
frota_reduzida,genetic,1,66,19811.156238
frota_reduzida,genetic,1,67,19811.156238
frota_reduzida,genetic,1,68,19811.156238
frota_reduzida,genetic,1,69,19811.156238
frota_reduzida,genetic,1,70,19811.156238
frota_reduzida,genetic,1,71,19811.156238
frota_reduzida,genetic,1,72,19811.156238
frota_reduzida,genetic,1,73,19811.156238
frota_reduzida,genetic,1,74,19811.156238
frota_reduzida,genetic,1,75,19811.156238
frota_reduzida,genetic,1,76,19811.156238
frota_reduzida,genetic,1,77,19811.156238
frota_reduzida,genetic,1,78,19811.156238
frota_reduzida,genetic,1,79,19811.156238
frota_reduzida,genetic,1,80,19811.156238
frota_reduzida,genetic,1,81,19811.156238
frota_reduzida,genetic,1,82,19811.156238
frota_reduzida,genetic,1,83,19811.156238
frota_reduzida,genetic,1,84,19811.156238
frota_reduzida,genetic,1,85,19811.156238
frota_reduzida,genetic,1,86,19811.156238
frota_reduzida,genetic,1,87,19811.156238
frota_reduzida,genetic,1,88,19811.156238
frota_reduzida,genetic,1,89,19811.156238
frota_reduzida,genetic,1,90,19811.156238
frota_reduzida,genetic,1,91,19811.156238
frota_reduzida,genetic,1,92,19811.156238
frota_reduzida,genetic,1,93,19811.156238
frota_reduzida,genetic,1,94,19811.156238
frota_reduzida,genetic,1,95,19811.156238
frota_reduzida,genetic,1,96,19811.156238
frota_reduzida,genetic,1,97,19811.156238
frota_reduzida,genetic,1,98,19811.156238
frota_reduzida,genetic,1,99,19811.156238
frota_reduzida,genetic,1,100,19811.156238
frota_reduzida,genetic,1,101,19811.156238
frota_reduzida,genetic,1,102,19811.156238
frota_reduzida,genetic,1,103,19811.156238
frota_reduzida,random,2,1,25096.641334
frota_reduzida,genetic,2,1,23486.437803
frota_reduzida,genetic,2,2,22229.787259
frota_reduzida,genetic,2,3,21396.881161
frota_reduzida,genetic,2,4,21396.881161
frota_reduzida,genetic,2,5,21396.881161
frota_reduzida,genetic,2,6,21396.881161
frota_reduzida,genetic,2,7,21396.881161
frota_reduzida,genetic,2,8,21396.881161
frota_reduzida,genetic,2,9,21396.881161
frota_reduzida,genetic,2,10,21372.922551
frota_reduzida,genetic,2,11,21098.875127
frota_reduzida,genetic,2,12,21098.875127
frota_reduzida,genetic,2,13,21098.875127
frota_reduzida,genetic,2,14,20889.898187
frota_reduzida,genetic,2,15,20889.898187
frota_reduzida,genetic,2,16,20763.497838
frota_reduzida,genetic,2,17,20763.497838
frota_reduzida,genetic,2,18,20763.497838
frota_reduzida,genetic,2,19,20763.497838
frota_reduzida,genetic,2,20,20735.324274
frota_reduzida,genetic,2,21,20735.324274
frota_reduzida,genetic,2,22,20562.536680
frota_reduzida,genetic,2,23,20562.536680
frota_reduzida,genetic,2,24,20562.536680
frota_reduzida,genetic,2,25,20562.536680
frota_reduzida,genetic,2,26,20247.660754
frota_reduzida,genetic,2,27,20247.660754
frota_reduzida,genetic,2,28,20247.660754
frota_reduzida,genetic,2,29,20247.660754
frota_reduzida,genetic,2,30,20247.660754
frota_reduzida,genetic,2,31,20247.660754
frota_reduzida,genetic,2,32,20247.660754
frota_reduzida,genetic,2,33,20247.660754
frota_reduzida,genetic,2,34,20247.660754
frota_reduzida,genetic,2,35,20247.660754
frota_reduzida,genetic,2,36,20247.660754
frota_reduzida,genetic,2,37,20247.660754
frota_reduzida,genetic,2,38,20247.660754
frota_reduzida,genetic,2,39,20247.660754
frota_reduzida,genetic,2,40,20247.660754
frota_reduzida,genetic,2,41,20247.660754
frota_reduzida,genetic,2,42,20247.660754
frota_reduzida,genetic,2,43,20247.660754
frota_reduzida,genetic,2,44,20247.660754
frota_reduzida,genetic,2,45,20247.660754
frota_reduzida,genetic,2,46,20171.644319
frota_reduzida,genetic,2,47,20171.644319
frota_reduzida,genetic,2,48,20171.644319
frota_reduzida,genetic,2,49,20171.644319
frota_reduzida,genetic,2,50,20171.644319
frota_reduzida,genetic,2,51,20145.141197
frota_reduzida,genetic,2,52,20121.260405
frota_reduzida,genetic,2,53,19988.199596
frota_reduzida,genetic,2,54,19988.199596
frota_reduzida,genetic,2,55,19988.199596
frota_reduzida,genetic,2,56,19988.199596
frota_reduzida,genetic,2,57,19988.199596
frota_reduzida,genetic,2,58,19988.199596
frota_reduzida,genetic,2,59,19988.199596
frota_reduzida,genetic,2,60,19988.199596
frota_reduzida,genetic,2,61,19774.960391
frota_reduzida,genetic,2,62,19774.960391
frota_reduzida,genetic,2,63,19751.510291
frota_reduzida,genetic,2,64,19751.510291
frota_reduzida,genetic,2,65,19751.510291
frota_reduzida,genetic,2,66,19751.510291
frota_reduzida,genetic,2,67,19751.510291
frota_reduzida,genetic,2,68,19751.510291
frota_reduzida,genetic,2,69,19751.510291
frota_reduzida,genetic,2,70,19751.510291
frota_reduzida,genetic,2,71,19751.510291
frota_reduzida,genetic,2,72,19751.510291
frota_reduzida,genetic,2,73,19739.951234
frota_reduzida,genetic,2,74,19739.951234
frota_reduzida,genetic,2,75,19739.951234
frota_reduzida,genetic,2,76,19739.951234
frota_reduzida,genetic,2,77,19739.951234
frota_reduzida,genetic,2,78,19739.951234
frota_reduzida,genetic,2,79,19739.951234
frota_reduzida,genetic,2,80,19739.951234
frota_reduzida,genetic,2,81,19739.951234
frota_reduzida,genetic,2,82,19716.501135
frota_reduzida,genetic,2,83,19716.501135
frota_reduzida,genetic,2,84,19716.501135
frota_reduzida,genetic,2,85,19716.501135
frota_reduzida,genetic,2,86,19716.501135
frota_reduzida,genetic,2,87,19716.501135
frota_reduzida,genetic,2,88,19716.501135
frota_reduzida,genetic,2,89,19716.501135
frota_reduzida,genetic,2,90,19716.501135
frota_reduzida,genetic,2,91,19716.501135
frota_reduzida,genetic,2,92,19716.501135
frota_reduzida,genetic,2,93,19716.501135
frota_reduzida,genetic,2,94,19716.501135
frota_reduzida,genetic,2,95,19716.501135
frota_reduzida,genetic,2,96,19716.501135
frota_reduzida,genetic,2,97,19716.501135
frota_reduzida,genetic,2,98,19716.501135
frota_reduzida,genetic,2,99,19716.501135
frota_reduzida,genetic,2,100,19716.501135
frota_reduzida,genetic,2,101,19716.501135
frota_reduzida,genetic,2,102,19716.501135
frota_reduzida,genetic,2,103,19716.501135
frota_reduzida,genetic,2,104,19716.501135
frota_reduzida,genetic,2,105,19716.501135
frota_reduzida,genetic,2,106,19716.501135
frota_reduzida,genetic,2,107,19716.501135
frota_reduzida,genetic,2,108,19716.501135
frota_reduzida,genetic,2,109,19716.501135
frota_reduzida,genetic,2,110,19716.501135
frota_reduzida,genetic,2,111,19716.501135
frota_reduzida,genetic,2,112,19716.501135
frota_reduzida,genetic,2,113,19716.501135
frota_reduzida,genetic,2,114,19716.501135
frota_reduzida,genetic,2,115,19716.501135
frota_reduzida,genetic,2,116,19716.501135
frota_reduzida,genetic,2,117,19716.501135
frota_reduzida,genetic,2,118,19716.501135
frota_reduzida,genetic,2,119,19716.501135
frota_reduzida,genetic,2,120,19716.501135
frota_reduzida,genetic,2,121,19716.501135
frota_reduzida,genetic,2,122,19716.501135
frota_reduzida,genetic,2,123,19716.501135
frota_reduzida,genetic,2,124,19716.501135
frota_reduzida,genetic,2,125,19716.501135
frota_reduzida,genetic,2,126,19716.501135
frota_reduzida,genetic,2,127,19716.501135
frota_reduzida,genetic,2,128,19716.501135
frota_reduzida,genetic,2,129,19716.501135
frota_reduzida,genetic,2,130,19716.501135
frota_reduzida,genetic,2,131,19716.501135
frota_reduzida,genetic,2,132,19716.501135
frota_reduzida,random,3,1,1884442.799287
frota_reduzida,genetic,3,1,23326.203333
frota_reduzida,genetic,3,2,21523.675286
frota_reduzida,genetic,3,3,21523.675286
frota_reduzida,genetic,3,4,21194.463748
frota_reduzida,genetic,3,5,21194.463748
frota_reduzida,genetic,3,6,21194.463748
frota_reduzida,genetic,3,7,21167.578049
frota_reduzida,genetic,3,8,21167.578049
frota_reduzida,genetic,3,9,20775.156164
frota_reduzida,genetic,3,10,20775.156164
frota_reduzida,genetic,3,11,20775.156164
frota_reduzida,genetic,3,12,20775.156164
frota_reduzida,genetic,3,13,20775.156164
frota_reduzida,genetic,3,14,20775.156164
frota_reduzida,genetic,3,15,20775.156164
frota_reduzida,genetic,3,16,20595.087458
frota_reduzida,genetic,3,17,20595.087458
frota_reduzida,genetic,3,18,20595.087458
frota_reduzida,genetic,3,19,20595.087458
frota_reduzida,genetic,3,20,20595.087458
frota_reduzida,genetic,3,21,20595.087458
frota_reduzida,genetic,3,22,20595.087458
frota_reduzida,genetic,3,23,20462.259337
frota_reduzida,genetic,3,24,20202.249405
frota_reduzida,genetic,3,25,20202.249405
frota_reduzida,genetic,3,26,20202.249405
frota_reduzida,genetic,3,27,20202.249405
frota_reduzida,genetic,3,28,20202.249405
frota_reduzida,genetic,3,29,20202.249405
frota_reduzida,genetic,3,30,20202.249405
frota_reduzida,genetic,3,31,20202.249405
frota_reduzida,genetic,3,32,20202.249405
frota_reduzida,genetic,3,33,20202.249405
frota_reduzida,genetic,3,34,20202.249405
frota_reduzida,genetic,3,35,20202.249405
frota_reduzida,genetic,3,36,20202.249405
frota_reduzida,genetic,3,37,20126.311205
frota_reduzida,genetic,3,38,20126.311205
frota_reduzida,genetic,3,39,20126.311205
frota_reduzida,genetic,3,40,20126.311205
frota_reduzida,genetic,3,41,19901.166139
frota_reduzida,genetic,3,42,19901.166139
frota_reduzida,genetic,3,43,19901.166139
frota_reduzida,genetic,3,44,19901.166139
frota_reduzida,genetic,3,45,19901.166139
frota_reduzida,genetic,3,46,19901.166139
frota_reduzida,genetic,3,47,19901.166139
frota_reduzida,genetic,3,48,19790.919292
frota_reduzida,genetic,3,49,19790.919292
frota_reduzida,genetic,3,50,19790.919292
frota_reduzida,genetic,3,51,19790.919292
frota_reduzida,genetic,3,52,19790.919292
frota_reduzida,genetic,3,53,19790.919292
frota_reduzida,genetic,3,54,19790.919292
frota_reduzida,genetic,3,55,19790.919292
frota_reduzida,genetic,3,56,19790.919292
frota_reduzida,genetic,3,57,19790.919292
frota_reduzida,genetic,3,58,19790.919292
frota_reduzida,genetic,3,59,19790.919292
frota_reduzida,genetic,3,60,19790.919292
frota_reduzida,genetic,3,61,19790.919292
frota_reduzida,genetic,3,62,19790.919292
frota_reduzida,genetic,3,63,19790.919292
frota_reduzida,genetic,3,64,19790.919292
frota_reduzida,genetic,3,65,19790.919292
frota_reduzida,genetic,3,66,19790.919292
frota_reduzida,genetic,3,67,19790.919292
frota_reduzida,genetic,3,68,19790.919292
frota_reduzida,genetic,3,69,19790.919292
frota_reduzida,genetic,3,70,19790.919292
frota_reduzida,genetic,3,71,19790.919292
frota_reduzida,genetic,3,72,19790.919292
frota_reduzida,genetic,3,73,19790.919292
frota_reduzida,genetic,3,74,19790.919292
frota_reduzida,genetic,3,75,19790.919292
frota_reduzida,genetic,3,76,19790.919292
frota_reduzida,genetic,3,77,19790.919292
frota_reduzida,genetic,3,78,19790.919292
frota_reduzida,genetic,3,79,19790.919292
frota_reduzida,genetic,3,80,19790.919292
frota_reduzida,genetic,3,81,19790.919292
frota_reduzida,genetic,3,82,19790.919292
frota_reduzida,genetic,3,83,19790.919292
frota_reduzida,genetic,3,84,19790.919292
frota_reduzida,genetic,3,85,19790.919292
frota_reduzida,genetic,3,86,19790.919292
frota_reduzida,genetic,3,87,19790.919292
frota_reduzida,genetic,3,88,19790.919292
frota_reduzida,genetic,3,89,19790.919292
frota_reduzida,genetic,3,90,19790.919292
frota_reduzida,genetic,3,91,19790.919292
frota_reduzida,genetic,3,92,19790.919292
frota_reduzida,genetic,3,93,19790.919292
frota_reduzida,genetic,3,94,19790.919292
frota_reduzida,genetic,3,95,19790.919292
frota_reduzida,genetic,3,96,19790.919292
frota_reduzida,genetic,3,97,19790.919292
frota_reduzida,genetic,3,98,19790.919292
frota_reduzida,random,4,1,1201644.813148
frota_reduzida,genetic,4,1,24586.253566
frota_reduzida,genetic,4,2,23464.586438
frota_reduzida,genetic,4,3,23386.328895
frota_reduzida,genetic,4,4,22643.600518
frota_reduzida,genetic,4,5,22247.156013
frota_reduzida,genetic,4,6,22247.156013
frota_reduzida,genetic,4,7,22247.156013
frota_reduzida,genetic,4,8,22218.419453
frota_reduzida,genetic,4,9,22218.419453
frota_reduzida,genetic,4,10,21726.057850
frota_reduzida,genetic,4,11,21609.314087
frota_reduzida,genetic,4,12,21365.216657
frota_reduzida,genetic,4,13,21277.357388
frota_reduzida,genetic,4,14,21277.357388
frota_reduzida,genetic,4,15,21248.276337
frota_reduzida,genetic,4,16,21158.012288
frota_reduzida,genetic,4,17,21158.012288
frota_reduzida,genetic,4,18,20520.109578
frota_reduzida,genetic,4,19,20520.109578
frota_reduzida,genetic,4,20,20520.109578
frota_reduzida,genetic,4,21,20082.735393
frota_reduzida,genetic,4,22,20082.735393
frota_reduzida,genetic,4,23,20082.735393
frota_reduzida,genetic,4,24,19854.414076
frota_reduzida,genetic,4,25,19854.414076
frota_reduzida,genetic,4,26,19854.414076
frota_reduzida,genetic,4,27,19854.414076
frota_reduzida,genetic,4,28,19854.414076
frota_reduzida,genetic,4,29,19854.414076
frota_reduzida,genetic,4,30,19854.414076
frota_reduzida,genetic,4,31,19854.414076
frota_reduzida,genetic,4,32,19854.414076
frota_reduzida,genetic,4,33,19854.414076
frota_reduzida,genetic,4,34,19854.414076
frota_reduzida,genetic,4,35,19854.414076
frota_reduzida,genetic,4,36,19854.414076
frota_reduzida,genetic,4,37,19854.414076
frota_reduzida,genetic,4,38,19854.414076
frota_reduzida,genetic,4,39,19854.414076
frota_reduzida,genetic,4,40,19854.414076
frota_reduzida,genetic,4,41,19854.414076
frota_reduzida,genetic,4,42,19853.043243
frota_reduzida,genetic,4,43,19853.043243
frota_reduzida,genetic,4,44,19853.043243
frota_reduzida,genetic,4,45,19853.043243
frota_reduzida,genetic,4,46,19853.043243
frota_reduzida,genetic,4,47,19853.043243
frota_reduzida,genetic,4,48,19853.043243
frota_reduzida,genetic,4,49,19853.043243
frota_reduzida,genetic,4,50,19853.043243
frota_reduzida,genetic,4,51,19853.043243
frota_reduzida,genetic,4,52,19819.409280
frota_reduzida,genetic,4,53,19800.386292
frota_reduzida,genetic,4,54,19800.386292
frota_reduzida,genetic,4,55,19736.953840
frota_reduzida,genetic,4,56,19736.953840
frota_reduzida,genetic,4,57,19736.953840
frota_reduzida,genetic,4,58,19686.719393
frota_reduzida,genetic,4,59,19686.719393
frota_reduzida,genetic,4,60,19686.719393
frota_reduzida,genetic,4,61,19686.719393
frota_reduzida,genetic,4,62,19686.719393
frota_reduzida,genetic,4,63,19686.719393
frota_reduzida,genetic,4,64,19686.719393
frota_reduzida,genetic,4,65,19605.100606
frota_reduzida,genetic,4,66,19605.100606
frota_reduzida,genetic,4,67,19605.100606
frota_reduzida,genetic,4,68,19554.866160
frota_reduzida,genetic,4,69,19554.866160
frota_reduzida,genetic,4,70,19554.866160
frota_reduzida,genetic,4,71,19554.866160
frota_reduzida,genetic,4,72,19554.866160
frota_reduzida,genetic,4,73,19512.008111
frota_reduzida,genetic,4,74,19512.008111
frota_reduzida,genetic,4,75,19512.008111
frota_reduzida,genetic,4,76,19512.008111
frota_reduzida,genetic,4,77,19512.008111
frota_reduzida,genetic,4,78,19512.008111
frota_reduzida,genetic,4,79,19442.010002
frota_reduzida,genetic,4,80,19442.010002
frota_reduzida,genetic,4,81,19442.010002
frota_reduzida,genetic,4,82,19442.010002
frota_reduzida,genetic,4,83,19442.010002
frota_reduzida,genetic,4,84,19442.010002
frota_reduzida,genetic,4,85,19442.010002
frota_reduzida,genetic,4,86,19442.010002
frota_reduzida,genetic,4,87,19310.156768
frota_reduzida,genetic,4,88,19310.156768
frota_reduzida,genetic,4,89,19310.156768
frota_reduzida,genetic,4,90,19310.156768
frota_reduzida,genetic,4,91,19310.156768
frota_reduzida,genetic,4,92,19310.156768
frota_reduzida,genetic,4,93,19310.156768
frota_reduzida,genetic,4,94,19310.156768
frota_reduzida,genetic,4,95,19310.156768
frota_reduzida,genetic,4,96,19310.156768
frota_reduzida,genetic,4,97,19310.156768
frota_reduzida,genetic,4,98,19310.156768
frota_reduzida,genetic,4,99,19310.156768
frota_reduzida,genetic,4,100,19310.156768
frota_reduzida,genetic,4,101,19310.156768
frota_reduzida,genetic,4,102,19310.156768
frota_reduzida,genetic,4,103,19310.156768
frota_reduzida,genetic,4,104,19310.156768
frota_reduzida,genetic,4,105,19310.156768
frota_reduzida,genetic,4,106,19310.156768
frota_reduzida,genetic,4,107,19310.156768
frota_reduzida,genetic,4,108,19310.156768
frota_reduzida,genetic,4,109,19310.156768
frota_reduzida,genetic,4,110,19310.156768
frota_reduzida,genetic,4,111,19310.156768
frota_reduzida,genetic,4,112,19310.156768
frota_reduzida,genetic,4,113,19310.156768
frota_reduzida,genetic,4,114,19310.156768
frota_reduzida,genetic,4,115,19310.156768
frota_reduzida,genetic,4,116,19310.156768
frota_reduzida,genetic,4,117,19310.156768
frota_reduzida,genetic,4,118,19310.156768
frota_reduzida,genetic,4,119,19310.156768
frota_reduzida,genetic,4,120,19310.156768
frota_reduzida,genetic,4,121,19310.156768
frota_reduzida,genetic,4,122,19310.156768
frota_reduzida,genetic,4,123,19310.156768
frota_reduzida,genetic,4,124,19310.156768
frota_reduzida,genetic,4,125,19310.156768
frota_reduzida,genetic,4,126,19310.156768
frota_reduzida,genetic,4,127,19310.156768
frota_reduzida,genetic,4,128,19310.156768
frota_reduzida,genetic,4,129,19310.156768
frota_reduzida,genetic,4,130,19310.156768
frota_reduzida,genetic,4,131,19310.156768
frota_reduzida,genetic,4,132,19310.156768
frota_reduzida,genetic,4,133,19310.156768
frota_reduzida,genetic,4,134,19310.156768
frota_reduzida,genetic,4,135,19310.156768
frota_reduzida,genetic,4,136,19310.156768
frota_reduzida,genetic,4,137,19310.156768
frota_reduzida,random,5,1,24291.062873
frota_reduzida,genetic,5,1,22640.722439
frota_reduzida,genetic,5,2,22019.338481
frota_reduzida,genetic,5,3,22019.338481
frota_reduzida,genetic,5,4,22019.338481
frota_reduzida,genetic,5,5,22019.338481
frota_reduzida,genetic,5,6,22019.338481
frota_reduzida,genetic,5,7,22019.338481
frota_reduzida,genetic,5,8,22019.338481
frota_reduzida,genetic,5,9,21405.936692
frota_reduzida,genetic,5,10,21405.936692
frota_reduzida,genetic,5,11,21405.936692
frota_reduzida,genetic,5,12,21405.936692
frota_reduzida,genetic,5,13,21405.936692
frota_reduzida,genetic,5,14,21199.208503
frota_reduzida,genetic,5,15,21199.208503
frota_reduzida,genetic,5,16,21199.208503
frota_reduzida,genetic,5,17,21145.645696
frota_reduzida,genetic,5,18,21145.645696
frota_reduzida,genetic,5,19,21145.645696
frota_reduzida,genetic,5,20,20992.824607
frota_reduzida,genetic,5,21,20311.421673
frota_reduzida,genetic,5,22,20311.421673
frota_reduzida,genetic,5,23,20311.421673
frota_reduzida,genetic,5,24,20311.421673
frota_reduzida,genetic,5,25,20311.421673
frota_reduzida,genetic,5,26,20311.421673
frota_reduzida,genetic,5,27,20274.047799
frota_reduzida,genetic,5,28,20126.454930
frota_reduzida,genetic,5,29,19788.128376
frota_reduzida,genetic,5,30,19788.128376
frota_reduzida,genetic,5,31,19788.128376
frota_reduzida,genetic,5,32,19788.128376
frota_reduzida,genetic,5,33,19583.427918
frota_reduzida,genetic,5,34,19583.427918
frota_reduzida,genetic,5,35,19583.427918
frota_reduzida,genetic,5,36,19583.427918
frota_reduzida,genetic,5,37,19583.427918
frota_reduzida,genetic,5,38,19583.427918
frota_reduzida,genetic,5,39,19583.427918
frota_reduzida,genetic,5,40,19583.427918
frota_reduzida,genetic,5,41,19583.427918
frota_reduzida,genetic,5,42,19554.866160
frota_reduzida,genetic,5,43,19554.866160
frota_reduzida,genetic,5,44,19554.866160
frota_reduzida,genetic,5,45,19554.866160
frota_reduzida,genetic,5,46,19554.866160
frota_reduzida,genetic,5,47,19554.866160
frota_reduzida,genetic,5,48,19554.866160
frota_reduzida,genetic,5,49,19554.866160
frota_reduzida,genetic,5,50,19554.866160
frota_reduzida,genetic,5,51,19554.866160
frota_reduzida,genetic,5,52,19554.866160
frota_reduzida,genetic,5,53,19554.866160
frota_reduzida,genetic,5,54,19554.866160
frota_reduzida,genetic,5,55,19554.866160
frota_reduzida,genetic,5,56,19554.866160
frota_reduzida,genetic,5,57,19554.866160
frota_reduzida,genetic,5,58,19554.866160
frota_reduzida,genetic,5,59,19554.866160
frota_reduzida,genetic,5,60,19554.866160
frota_reduzida,genetic,5,61,19554.866160
frota_reduzida,genetic,5,62,19554.866160
frota_reduzida,genetic,5,63,19554.866160
frota_reduzida,genetic,5,64,19554.866160
frota_reduzida,genetic,5,65,19554.866160
frota_reduzida,genetic,5,66,19554.866160
frota_reduzida,genetic,5,67,19554.866160
frota_reduzida,genetic,5,68,19554.866160
frota_reduzida,genetic,5,69,19554.866160
frota_reduzida,genetic,5,70,19554.866160
frota_reduzida,genetic,5,71,19554.866160
frota_reduzida,genetic,5,72,19554.866160
frota_reduzida,genetic,5,73,19554.866160
frota_reduzida,genetic,5,74,19554.866160
frota_reduzida,genetic,5,75,19554.866160
frota_reduzida,genetic,5,76,19554.866160
frota_reduzida,genetic,5,77,19554.866160
frota_reduzida,genetic,5,78,19554.866160
frota_reduzida,genetic,5,79,19554.866160
frota_reduzida,genetic,5,80,19554.866160
frota_reduzida,genetic,5,81,19554.866160
frota_reduzida,genetic,5,82,19554.866160
frota_reduzida,genetic,5,83,19554.866160
frota_reduzida,genetic,5,84,19353.014817
frota_reduzida,genetic,5,85,19353.014817
frota_reduzida,genetic,5,86,19353.014817
frota_reduzida,genetic,5,87,19353.014817
frota_reduzida,genetic,5,88,19353.014817
frota_reduzida,genetic,5,89,19353.014817
frota_reduzida,genetic,5,90,19353.014817
frota_reduzida,genetic,5,91,19353.014817
frota_reduzida,genetic,5,92,19353.014817
frota_reduzida,genetic,5,93,19353.014817
frota_reduzida,genetic,5,94,19353.014817
frota_reduzida,genetic,5,95,19353.014817
frota_reduzida,genetic,5,96,19353.014817
frota_reduzida,genetic,5,97,19353.014817
frota_reduzida,genetic,5,98,19353.014817
frota_reduzida,genetic,5,99,19353.014817
frota_reduzida,genetic,5,100,19353.014817
frota_reduzida,genetic,5,101,19353.014817
frota_reduzida,genetic,5,102,19353.014817
frota_reduzida,genetic,5,103,19353.014817
frota_reduzida,genetic,5,104,19353.014817
frota_reduzida,genetic,5,105,19353.014817
frota_reduzida,genetic,5,106,19353.014817
frota_reduzida,genetic,5,107,19353.014817
frota_reduzida,genetic,5,108,19353.014817
frota_reduzida,genetic,5,109,19353.014817
frota_reduzida,genetic,5,110,19353.014817
frota_reduzida,genetic,5,111,19353.014817
frota_reduzida,genetic,5,112,19353.014817
frota_reduzida,genetic,5,113,19353.014817
frota_reduzida,genetic,5,114,19353.014817
frota_reduzida,genetic,5,115,19353.014817
frota_reduzida,genetic,5,116,19353.014817
frota_reduzida,genetic,5,117,19353.014817
frota_reduzida,genetic,5,118,19353.014817
frota_reduzida,genetic,5,119,19353.014817
frota_reduzida,genetic,5,120,19353.014817
frota_reduzida,genetic,5,121,19353.014817
frota_reduzida,genetic,5,122,19353.014817
frota_reduzida,genetic,5,123,19353.014817
frota_reduzida,genetic,5,124,19353.014817
frota_reduzida,genetic,5,125,19353.014817
frota_reduzida,genetic,5,126,19353.014817
frota_reduzida,genetic,5,127,19353.014817
frota_reduzida,genetic,5,128,19353.014817
frota_reduzida,genetic,5,129,19353.014817
frota_reduzida,genetic,5,130,19353.014817
frota_reduzida,genetic,5,131,19353.014817
frota_reduzida,genetic,5,132,19353.014817
frota_reduzida,genetic,5,133,19353.014817
frota_reduzida,genetic,5,134,19353.014817
frota_reduzida,random,6,1,2763535.008670
frota_reduzida,genetic,6,1,22391.788643
frota_reduzida,genetic,6,2,22391.788643
frota_reduzida,genetic,6,3,21579.286723
frota_reduzida,genetic,6,4,21579.286723
frota_reduzida,genetic,6,5,21035.390735
frota_reduzida,genetic,6,6,21035.390735
frota_reduzida,genetic,6,7,20442.930112
frota_reduzida,genetic,6,8,20442.930112
frota_reduzida,genetic,6,9,20442.930112
frota_reduzida,genetic,6,10,20442.930112
frota_reduzida,genetic,6,11,20442.930112
frota_reduzida,genetic,6,12,20442.930112
frota_reduzida,genetic,6,13,20442.930112
frota_reduzida,genetic,6,14,20442.930112
frota_reduzida,genetic,6,15,20327.327270
frota_reduzida,genetic,6,16,20327.327270
frota_reduzida,genetic,6,17,20327.327270
frota_reduzida,genetic,6,18,20327.327270
frota_reduzida,genetic,6,19,20327.327270
frota_reduzida,genetic,6,20,20046.227448
frota_reduzida,genetic,6,21,20046.227448
frota_reduzida,genetic,6,22,20046.227448
frota_reduzida,genetic,6,23,20046.227448
frota_reduzida,genetic,6,24,20046.227448
frota_reduzida,genetic,6,25,20046.227448
frota_reduzida,genetic,6,26,20046.227448
frota_reduzida,genetic,6,27,20046.227448
frota_reduzida,genetic,6,28,20046.227448
frota_reduzida,genetic,6,29,20046.227448
frota_reduzida,genetic,6,30,19947.397897
frota_reduzida,genetic,6,31,19947.397897
frota_reduzida,genetic,6,32,19947.397897
frota_reduzida,genetic,6,33,19924.658839
frota_reduzida,genetic,6,34,19924.658839
frota_reduzida,genetic,6,35,19811.156238
frota_reduzida,genetic,6,36,19811.156238
frota_reduzida,genetic,6,37,19811.156238
frota_reduzida,genetic,6,38,19811.156238
frota_reduzida,genetic,6,39,19811.156238
frota_reduzida,genetic,6,40,19811.156238
frota_reduzida,genetic,6,41,19811.156238
frota_reduzida,genetic,6,42,19811.156238
frota_reduzida,genetic,6,43,19811.156238
frota_reduzida,genetic,6,44,19811.156238
frota_reduzida,genetic,6,45,19811.156238
frota_reduzida,genetic,6,46,19811.156238
frota_reduzida,genetic,6,47,19811.156238
frota_reduzida,genetic,6,48,19811.156238
frota_reduzida,genetic,6,49,19811.156238
frota_reduzida,genetic,6,50,19811.156238
frota_reduzida,genetic,6,51,19811.156238
frota_reduzida,genetic,6,52,19811.156238
frota_reduzida,genetic,6,53,19811.156238
frota_reduzida,genetic,6,54,19811.156238
frota_reduzida,genetic,6,55,19811.156238
frota_reduzida,genetic,6,56,19811.156238
frota_reduzida,genetic,6,57,19811.156238
frota_reduzida,genetic,6,58,19811.156238
frota_reduzida,genetic,6,59,19811.156238
frota_reduzida,genetic,6,60,19811.156238
frota_reduzida,genetic,6,61,19811.156238
frota_reduzida,genetic,6,62,19811.156238
frota_reduzida,genetic,6,63,19811.156238
frota_reduzida,genetic,6,64,19811.156238
frota_reduzida,genetic,6,65,19811.156238
frota_reduzida,genetic,6,66,19811.156238
frota_reduzida,genetic,6,67,19811.156238
frota_reduzida,genetic,6,68,19811.156238
frota_reduzida,genetic,6,69,19811.156238
frota_reduzida,genetic,6,70,19811.156238
frota_reduzida,genetic,6,71,19811.156238
frota_reduzida,genetic,6,72,19811.156238
frota_reduzida,genetic,6,73,19811.156238
frota_reduzida,genetic,6,74,19811.156238
frota_reduzida,genetic,6,75,19811.156238
frota_reduzida,genetic,6,76,19811.156238
frota_reduzida,genetic,6,77,19811.156238
frota_reduzida,genetic,6,78,19811.156238
frota_reduzida,genetic,6,79,19811.156238
frota_reduzida,genetic,6,80,19811.156238
frota_reduzida,genetic,6,81,19811.156238
frota_reduzida,genetic,6,82,19811.156238
frota_reduzida,genetic,6,83,19811.156238
frota_reduzida,genetic,6,84,19811.156238
frota_reduzida,genetic,6,85,19811.156238
frota_reduzida,random,7,1,23473.815408
frota_reduzida,genetic,7,1,22904.819062
frota_reduzida,genetic,7,2,22904.819062
frota_reduzida,genetic,7,3,22904.819062
frota_reduzida,genetic,7,4,22199.870072
frota_reduzida,genetic,7,5,22199.870072
frota_reduzida,genetic,7,6,22199.870072
frota_reduzida,genetic,7,7,21867.935829
frota_reduzida,genetic,7,8,21867.935829
frota_reduzida,genetic,7,9,21867.935829
frota_reduzida,genetic,7,10,21867.935829
frota_reduzida,genetic,7,11,21867.935829
frota_reduzida,genetic,7,12,21867.935829
frota_reduzida,genetic,7,13,21867.935829
frota_reduzida,genetic,7,14,21242.568144
frota_reduzida,genetic,7,15,20185.416370
frota_reduzida,genetic,7,16,20185.416370
frota_reduzida,genetic,7,17,20185.416370
frota_reduzida,genetic,7,18,20185.416370
frota_reduzida,genetic,7,19,20185.416370
frota_reduzida,genetic,7,20,20185.416370
frota_reduzida,genetic,7,21,20185.416370
frota_reduzida,genetic,7,22,20185.416370
frota_reduzida,genetic,7,23,19938.797109
frota_reduzida,genetic,7,24,19938.797109
frota_reduzida,genetic,7,25,19926.121702
frota_reduzida,genetic,7,26,19926.121702
frota_reduzida,genetic,7,27,19926.121702
frota_reduzida,genetic,7,28,19926.121702
frota_reduzida,genetic,7,29,19926.121702
frota_reduzida,genetic,7,30,19926.121702
frota_reduzida,genetic,7,31,19926.121702
frota_reduzida,genetic,7,32,19926.121702
frota_reduzida,genetic,7,33,19856.187081
frota_reduzida,genetic,7,34,19719.662336
frota_reduzida,genetic,7,35,19719.662336
frota_reduzida,genetic,7,36,19719.662336
frota_reduzida,genetic,7,37,19673.033762
frota_reduzida,genetic,7,38,19673.033762
frota_reduzida,genetic,7,39,19589.016984
frota_reduzida,genetic,7,40,19589.016984
frota_reduzida,genetic,7,41,19587.289330
frota_reduzida,genetic,7,42,19540.764006
frota_reduzida,genetic,7,43,19540.764006
frota_reduzida,genetic,7,44,19540.764006
frota_reduzida,genetic,7,45,19540.764006
frota_reduzida,genetic,7,46,19540.764006
frota_reduzida,genetic,7,47,19540.764006
frota_reduzida,genetic,7,48,19540.764006
frota_reduzida,genetic,7,49,19433.719631
frota_reduzida,genetic,7,50,19433.719631
frota_reduzida,genetic,7,51,19433.719631
frota_reduzida,genetic,7,52,19433.719631
frota_reduzida,genetic,7,53,19433.719631
frota_reduzida,genetic,7,54,19433.719631
frota_reduzida,genetic,7,55,19433.719631
frota_reduzida,genetic,7,56,19433.719631
frota_reduzida,genetic,7,57,19293.780221
frota_reduzida,genetic,7,58,19293.780221
frota_reduzida,genetic,7,59,19293.780221
frota_reduzida,genetic,7,60,19293.780221
frota_reduzida,genetic,7,61,19293.780221
frota_reduzida,genetic,7,62,19293.780221
frota_reduzida,genetic,7,63,19293.780221
frota_reduzida,genetic,7,64,19293.780221
frota_reduzida,genetic,7,65,19293.780221
frota_reduzida,genetic,7,66,19293.780221
frota_reduzida,genetic,7,67,19293.780221
frota_reduzida,genetic,7,68,19293.780221
frota_reduzida,genetic,7,69,19293.780221
frota_reduzida,genetic,7,70,19293.780221
frota_reduzida,genetic,7,71,19293.780221
frota_reduzida,genetic,7,72,19293.780221
frota_reduzida,genetic,7,73,19293.780221
frota_reduzida,genetic,7,74,19293.780221
frota_reduzida,genetic,7,75,19293.780221
frota_reduzida,genetic,7,76,19293.780221
frota_reduzida,genetic,7,77,19293.780221
frota_reduzida,genetic,7,78,19293.780221
frota_reduzida,genetic,7,79,19293.780221
frota_reduzida,genetic,7,80,19293.780221
frota_reduzida,genetic,7,81,19293.780221
frota_reduzida,genetic,7,82,19293.780221
frota_reduzida,genetic,7,83,19293.780221
frota_reduzida,genetic,7,84,19293.780221
frota_reduzida,genetic,7,85,19293.780221
frota_reduzida,genetic,7,86,19293.780221
frota_reduzida,genetic,7,87,19293.780221
frota_reduzida,genetic,7,88,19293.780221
frota_reduzida,genetic,7,89,19293.780221
frota_reduzida,genetic,7,90,19293.780221
frota_reduzida,genetic,7,91,19293.780221
frota_reduzida,genetic,7,92,19293.780221
frota_reduzida,genetic,7,93,19293.780221
frota_reduzida,genetic,7,94,19293.780221
frota_reduzida,genetic,7,95,19293.780221
frota_reduzida,genetic,7,96,19293.780221
frota_reduzida,genetic,7,97,19293.780221
frota_reduzida,genetic,7,98,19293.780221
frota_reduzida,genetic,7,99,19293.780221
frota_reduzida,genetic,7,100,19293.780221
frota_reduzida,genetic,7,101,19293.780221
frota_reduzida,genetic,7,102,19293.780221
frota_reduzida,genetic,7,103,19293.780221
frota_reduzida,genetic,7,104,19293.780221
frota_reduzida,genetic,7,105,19293.780221
frota_reduzida,genetic,7,106,19293.780221
frota_reduzida,genetic,7,107,19293.780221
frota_reduzida,random,8,1,3728231.699809
frota_reduzida,genetic,8,1,23366.342165
frota_reduzida,genetic,8,2,23270.559408
frota_reduzida,genetic,8,3,22817.692551
frota_reduzida,genetic,8,4,22213.265993
frota_reduzida,genetic,8,5,22213.265993
frota_reduzida,genetic,8,6,22124.129400
frota_reduzida,genetic,8,7,22124.129400
frota_reduzida,genetic,8,8,21546.641853
frota_reduzida,genetic,8,9,21546.641853
frota_reduzida,genetic,8,10,21114.267851
frota_reduzida,genetic,8,11,21114.267851
frota_reduzida,genetic,8,12,21114.267851
frota_reduzida,genetic,8,13,21114.267851
frota_reduzida,genetic,8,14,21114.267851
frota_reduzida,genetic,8,15,20763.742938
frota_reduzida,genetic,8,16,20763.742938
frota_reduzida,genetic,8,17,20033.035632
frota_reduzida,genetic,8,18,20033.035632
frota_reduzida,genetic,8,19,19863.181641
frota_reduzida,genetic,8,20,19863.181641
frota_reduzida,genetic,8,21,19863.181641
frota_reduzida,genetic,8,22,19863.181641
frota_reduzida,genetic,8,23,19863.181641
frota_reduzida,genetic,8,24,19863.181641
frota_reduzida,genetic,8,25,19863.181641
frota_reduzida,genetic,8,26,19863.181641
frota_reduzida,genetic,8,27,19863.181641
frota_reduzida,genetic,8,28,19863.181641
frota_reduzida,genetic,8,29,19863.181641
frota_reduzida,genetic,8,30,19847.844421
frota_reduzida,genetic,8,31,19798.869791
frota_reduzida,genetic,8,32,19798.869791
frota_reduzida,genetic,8,33,19798.869791
frota_reduzida,genetic,8,34,19798.869791
frota_reduzida,genetic,8,35,19798.869791
frota_reduzida,genetic,8,36,19798.869791
frota_reduzida,genetic,8,37,19798.869791
frota_reduzida,genetic,8,38,19798.869791
frota_reduzida,genetic,8,39,19733.822371
frota_reduzida,genetic,8,40,19733.822371
frota_reduzida,genetic,8,41,19733.822371
frota_reduzida,genetic,8,42,19733.822371
frota_reduzida,genetic,8,43,19733.822371
frota_reduzida,genetic,8,44,19733.822371
frota_reduzida,genetic,8,45,19733.822371
frota_reduzida,genetic,8,46,19669.781434
frota_reduzida,genetic,8,47,19669.781434
frota_reduzida,genetic,8,48,19669.781434
frota_reduzida,genetic,8,49,19669.781434
frota_reduzida,genetic,8,50,19669.781434
frota_reduzida,genetic,8,51,19669.781434
frota_reduzida,genetic,8,52,19605.840504
frota_reduzida,genetic,8,53,19605.840504
frota_reduzida,genetic,8,54,19605.840504
frota_reduzida,genetic,8,55,19605.840504
frota_reduzida,genetic,8,56,19605.840504
frota_reduzida,genetic,8,57,19605.840504
frota_reduzida,genetic,8,58,19605.840504
frota_reduzida,genetic,8,59,19605.840504
frota_reduzida,genetic,8,60,19605.840504
frota_reduzida,genetic,8,61,19605.840504
frota_reduzida,genetic,8,62,19605.840504
frota_reduzida,genetic,8,63,19605.840504
frota_reduzida,genetic,8,64,19605.840504
frota_reduzida,genetic,8,65,19605.840504
frota_reduzida,genetic,8,66,19605.840504
frota_reduzida,genetic,8,67,19605.840504
frota_reduzida,genetic,8,68,19605.840504
frota_reduzida,genetic,8,69,19605.840504
frota_reduzida,genetic,8,70,19605.840504
frota_reduzida,genetic,8,71,19605.840504
frota_reduzida,genetic,8,72,19605.840504
frota_reduzida,genetic,8,73,19605.840504
frota_reduzida,genetic,8,74,19605.840504
frota_reduzida,genetic,8,75,19605.840504
frota_reduzida,genetic,8,76,19605.840504
frota_reduzida,genetic,8,77,19605.840504
frota_reduzida,genetic,8,78,19605.840504
frota_reduzida,genetic,8,79,19605.840504
frota_reduzida,genetic,8,80,19605.840504
frota_reduzida,genetic,8,81,19605.840504
frota_reduzida,genetic,8,82,19605.840504
frota_reduzida,genetic,8,83,19605.840504
frota_reduzida,genetic,8,84,19605.840504
frota_reduzida,genetic,8,85,19605.840504
frota_reduzida,genetic,8,86,19605.840504
frota_reduzida,genetic,8,87,19605.840504
frota_reduzida,genetic,8,88,19605.840504
frota_reduzida,genetic,8,89,19605.840504
frota_reduzida,genetic,8,90,19605.840504
frota_reduzida,genetic,8,91,19605.840504
frota_reduzida,genetic,8,92,19605.840504
frota_reduzida,genetic,8,93,19605.840504
frota_reduzida,genetic,8,94,19605.840504
frota_reduzida,genetic,8,95,19605.840504
frota_reduzida,genetic,8,96,19605.840504
frota_reduzida,genetic,8,97,19605.840504
frota_reduzida,genetic,8,98,19605.840504
frota_reduzida,genetic,8,99,19605.840504
frota_reduzida,genetic,8,100,19605.840504
frota_reduzida,genetic,8,101,19605.840504
frota_reduzida,genetic,8,102,19605.840504
frota_reduzida,random,9,1,4132780.220867
frota_reduzida,genetic,9,1,23735.273043
frota_reduzida,genetic,9,2,23694.086549
frota_reduzida,genetic,9,3,23315.796800
frota_reduzida,genetic,9,4,21202.181980
frota_reduzida,genetic,9,5,21202.181980
frota_reduzida,genetic,9,6,21128.422534
frota_reduzida,genetic,9,7,21128.422534
frota_reduzida,genetic,9,8,21128.422534
frota_reduzida,genetic,9,9,21128.422534
frota_reduzida,genetic,9,10,21128.422534
frota_reduzida,genetic,9,11,21128.422534
frota_reduzida,genetic,9,12,21128.422534
frota_reduzida,genetic,9,13,21128.422534
frota_reduzida,genetic,9,14,21128.422534
frota_reduzida,genetic,9,15,21128.422534
frota_reduzida,genetic,9,16,21128.422534
frota_reduzida,genetic,9,17,21128.422534
frota_reduzida,genetic,9,18,20722.381415
frota_reduzida,genetic,9,19,20722.381415
frota_reduzida,genetic,9,20,20722.381415
frota_reduzida,genetic,9,21,20722.381415
frota_reduzida,genetic,9,22,20604.780472
frota_reduzida,genetic,9,23,20604.780472
frota_reduzida,genetic,9,24,20604.780472
frota_reduzida,genetic,9,25,20601.798015
frota_reduzida,genetic,9,26,20601.798015
frota_reduzida,genetic,9,27,20224.951611
frota_reduzida,genetic,9,28,20224.951611
frota_reduzida,genetic,9,29,20224.951611
frota_reduzida,genetic,9,30,20224.951611
frota_reduzida,genetic,9,31,20224.951611
frota_reduzida,genetic,9,32,20224.951611
frota_reduzida,genetic,9,33,20195.489853
frota_reduzida,genetic,9,34,20195.489853
frota_reduzida,genetic,9,35,20195.489853
frota_reduzida,genetic,9,36,20195.489853
frota_reduzida,genetic,9,37,20071.617535
frota_reduzida,genetic,9,38,20071.617535
frota_reduzida,genetic,9,39,20071.617535
frota_reduzida,genetic,9,40,20071.617535
frota_reduzida,genetic,9,41,20071.617535
frota_reduzida,genetic,9,42,20071.617535
frota_reduzida,genetic,9,43,20071.617535
frota_reduzida,genetic,9,44,20071.617535
frota_reduzida,genetic,9,45,20025.458464
frota_reduzida,genetic,9,46,20025.458464
frota_reduzida,genetic,9,47,20025.458464
frota_reduzida,genetic,9,48,19880.788361
frota_reduzida,genetic,9,49,19880.788361
frota_reduzida,genetic,9,50,19880.788361
frota_reduzida,genetic,9,51,19880.788361
frota_reduzida,genetic,9,52,19880.788361
frota_reduzida,genetic,9,53,19879.371558
frota_reduzida,genetic,9,54,19814.630210
frota_reduzida,genetic,9,55,19814.630210
frota_reduzida,genetic,9,56,19814.630210
frota_reduzida,genetic,9,57,19812.838101
frota_reduzida,genetic,9,58,19812.838101
frota_reduzida,genetic,9,59,19812.838101
frota_reduzida,genetic,9,60,19812.838101
frota_reduzida,genetic,9,61,19812.838101
frota_reduzida,genetic,9,62,19812.838101
frota_reduzida,genetic,9,63,19812.838101
frota_reduzida,genetic,9,64,19773.747622
frota_reduzida,genetic,9,65,19773.747622
frota_reduzida,genetic,9,66,19773.747622
frota_reduzida,genetic,9,67,19648.104044
frota_reduzida,genetic,9,68,19621.600922
frota_reduzida,genetic,9,69,19621.600922
frota_reduzida,genetic,9,70,19621.600922
frota_reduzida,genetic,9,71,19621.600922
frota_reduzida,genetic,9,72,19621.600922
frota_reduzida,genetic,9,73,19621.600922
frota_reduzida,genetic,9,74,19621.600922
frota_reduzida,genetic,9,75,19621.600922
frota_reduzida,genetic,9,76,19621.600922
frota_reduzida,genetic,9,77,19621.600922
frota_reduzida,genetic,9,78,19621.600922
frota_reduzida,genetic,9,79,19556.236993
frota_reduzida,genetic,9,80,19556.236993
frota_reduzida,genetic,9,81,19556.236993
frota_reduzida,genetic,9,82,19556.236993
frota_reduzida,genetic,9,83,19556.236993
frota_reduzida,genetic,9,84,19556.236993
frota_reduzida,genetic,9,85,19556.236993
frota_reduzida,genetic,9,86,19556.236993
frota_reduzida,genetic,9,87,19556.236993
frota_reduzida,genetic,9,88,19556.236993
frota_reduzida,genetic,9,89,19556.236993
frota_reduzida,genetic,9,90,19556.236993
frota_reduzida,genetic,9,91,19556.236993
frota_reduzida,genetic,9,92,19556.236993
frota_reduzida,genetic,9,93,19556.236993
frota_reduzida,genetic,9,94,19556.236993
frota_reduzida,genetic,9,95,19556.236993
frota_reduzida,genetic,9,96,19556.236993
frota_reduzida,genetic,9,97,19556.236993
frota_reduzida,genetic,9,98,19556.236993
frota_reduzida,genetic,9,99,19556.236993
frota_reduzida,genetic,9,100,19556.236993
frota_reduzida,genetic,9,101,19556.236993
frota_reduzida,genetic,9,102,19556.236993
frota_reduzida,genetic,9,103,19556.236993
frota_reduzida,genetic,9,104,19556.236993
frota_reduzida,genetic,9,105,19556.236993
frota_reduzida,genetic,9,106,19556.236993
frota_reduzida,genetic,9,107,19556.236993
frota_reduzida,genetic,9,108,19556.236993
frota_reduzida,genetic,9,109,19556.236993
frota_reduzida,genetic,9,110,19556.236993
frota_reduzida,genetic,9,111,19556.236993
frota_reduzida,genetic,9,112,19556.236993
frota_reduzida,genetic,9,113,19486.238884
frota_reduzida,genetic,9,114,19486.238884
frota_reduzida,genetic,9,115,19486.238884
frota_reduzida,genetic,9,116,19486.238884
frota_reduzida,genetic,9,117,19486.238884
frota_reduzida,genetic,9,118,19486.238884
frota_reduzida,genetic,9,119,19486.238884
frota_reduzida,genetic,9,120,19486.238884
frota_reduzida,genetic,9,121,19486.238884
frota_reduzida,genetic,9,122,19486.238884
frota_reduzida,genetic,9,123,19486.238884
frota_reduzida,genetic,9,124,19486.238884
frota_reduzida,genetic,9,125,19486.238884
frota_reduzida,genetic,9,126,19486.238884
frota_reduzida,genetic,9,127,19486.238884
frota_reduzida,genetic,9,128,19486.238884
frota_reduzida,genetic,9,129,19486.238884
frota_reduzida,genetic,9,130,19486.238884
frota_reduzida,genetic,9,131,19486.238884
frota_reduzida,genetic,9,132,19486.238884
frota_reduzida,genetic,9,133,19486.238884
frota_reduzida,genetic,9,134,19486.238884
frota_reduzida,genetic,9,135,19486.238884
frota_reduzida,genetic,9,136,19486.238884
frota_reduzida,genetic,9,137,19486.238884
frota_reduzida,genetic,9,138,19486.238884
frota_reduzida,genetic,9,139,19445.116577
frota_reduzida,genetic,9,140,19445.116577
frota_reduzida,genetic,9,141,19354.385650
frota_reduzida,genetic,9,142,19354.385650
frota_reduzida,genetic,9,143,19354.385650
frota_reduzida,genetic,9,144,19354.385650
frota_reduzida,genetic,9,145,19338.235112
frota_reduzida,genetic,9,146,19338.235112
frota_reduzida,genetic,9,147,19233.172242
frota_reduzida,genetic,9,148,19233.172242
frota_reduzida,genetic,9,149,19233.172242
frota_reduzida,genetic,9,150,19233.172242
frota_reduzida,genetic,9,151,19233.172242
frota_reduzida,genetic,9,152,19233.172242
frota_reduzida,genetic,9,153,19233.172242
frota_reduzida,genetic,9,154,19233.172242
frota_reduzida,genetic,9,155,19233.172242
frota_reduzida,genetic,9,156,19233.172242
frota_reduzida,genetic,9,157,19233.172242
frota_reduzida,genetic,9,158,19233.172242
frota_reduzida,genetic,9,159,19233.172242
frota_reduzida,genetic,9,160,19233.172242
frota_reduzida,genetic,9,161,19233.172242
frota_reduzida,genetic,9,162,19233.172242
frota_reduzida,genetic,9,163,19233.172242
frota_reduzida,genetic,9,164,19233.172242
frota_reduzida,genetic,9,165,19233.172242
frota_reduzida,genetic,9,166,19233.172242
frota_reduzida,genetic,9,167,19233.172242
frota_reduzida,genetic,9,168,19233.172242
frota_reduzida,genetic,9,169,19233.172242
frota_reduzida,genetic,9,170,19233.172242
frota_reduzida,genetic,9,171,19233.172242
frota_reduzida,genetic,9,172,19233.172242
frota_reduzida,genetic,9,173,19233.172242
frota_reduzida,genetic,9,174,19233.172242
frota_reduzida,genetic,9,175,19233.172242
frota_reduzida,genetic,9,176,19233.172242
frota_reduzida,genetic,9,177,19233.172242
frota_reduzida,genetic,9,178,19233.172242
frota_reduzida,genetic,9,179,19233.172242
frota_reduzida,genetic,9,180,19233.172242
frota_reduzida,genetic,9,181,19233.172242
frota_reduzida,genetic,9,182,19233.172242
frota_reduzida,genetic,9,183,19233.172242
frota_reduzida,genetic,9,184,19233.172242
frota_reduzida,genetic,9,185,19233.172242
frota_reduzida,genetic,9,186,19233.172242
frota_reduzida,genetic,9,187,19233.172242
frota_reduzida,genetic,9,188,19233.172242
frota_reduzida,genetic,9,189,19233.172242
frota_reduzida,genetic,9,190,19233.172242
frota_reduzida,genetic,9,191,19233.172242
frota_reduzida,genetic,9,192,19233.172242
frota_reduzida,genetic,9,193,19233.172242
frota_reduzida,genetic,9,194,19233.172242
frota_reduzida,genetic,9,195,19233.172242
frota_reduzida,genetic,9,196,19233.172242
frota_reduzida,genetic,9,197,19233.172242
frota_reduzida,random,10,1,4655751.644348
frota_reduzida,genetic,10,1,25176.117367
frota_reduzida,genetic,10,2,24182.314297
frota_reduzida,genetic,10,3,22267.744054
frota_reduzida,genetic,10,4,22267.744054
frota_reduzida,genetic,10,5,22267.744054
frota_reduzida,genetic,10,6,22267.744054
frota_reduzida,genetic,10,7,22267.744054
frota_reduzida,genetic,10,8,22267.744054
frota_reduzida,genetic,10,9,22267.744054
frota_reduzida,genetic,10,10,22267.744054
frota_reduzida,genetic,10,11,21820.629707
frota_reduzida,genetic,10,12,21607.918132
frota_reduzida,genetic,10,13,21149.342683
frota_reduzida,genetic,10,14,20809.834495
frota_reduzida,genetic,10,15,20809.834495
frota_reduzida,genetic,10,16,20147.783815
frota_reduzida,genetic,10,17,20147.783815
frota_reduzida,genetic,10,18,20044.824115
frota_reduzida,genetic,10,19,20033.792908
frota_reduzida,genetic,10,20,19891.581212
frota_reduzida,genetic,10,21,19891.581212
frota_reduzida,genetic,10,22,19891.581212
frota_reduzida,genetic,10,23,19817.395086
frota_reduzida,genetic,10,24,19817.395086
frota_reduzida,genetic,10,25,19817.395086
frota_reduzida,genetic,10,26,19817.395086
frota_reduzida,genetic,10,27,19817.395086
frota_reduzida,genetic,10,28,19752.031157
frota_reduzida,genetic,10,29,19752.031157
frota_reduzida,genetic,10,30,19752.031157
frota_reduzida,genetic,10,31,19752.031157
frota_reduzida,genetic,10,32,19752.031157
frota_reduzida,genetic,10,33,19752.031157
frota_reduzida,genetic,10,34,19752.031157
frota_reduzida,genetic,10,35,19703.609289
frota_reduzida,genetic,10,36,19703.609289
frota_reduzida,genetic,10,37,19688.090227
frota_reduzida,genetic,10,38,19688.090227
frota_reduzida,genetic,10,39,19688.090227
frota_reduzida,genetic,10,40,19688.090227
frota_reduzida,genetic,10,41,19621.600922
frota_reduzida,genetic,10,42,19556.236993
frota_reduzida,genetic,10,43,19556.236993
frota_reduzida,genetic,10,44,19556.236993
frota_reduzida,genetic,10,45,19556.236993
frota_reduzida,genetic,10,46,19556.236993
frota_reduzida,genetic,10,47,19556.236993
frota_reduzida,genetic,10,48,19556.236993
frota_reduzida,genetic,10,49,19556.236993
frota_reduzida,genetic,10,50,19556.236993
frota_reduzida,genetic,10,51,19556.236993
frota_reduzida,genetic,10,52,19556.236993
frota_reduzida,genetic,10,53,19556.236993
frota_reduzida,genetic,10,54,19556.236993
frota_reduzida,genetic,10,55,19556.236993
frota_reduzida,genetic,10,56,19556.236993
frota_reduzida,genetic,10,57,19556.236993
frota_reduzida,genetic,10,58,19556.236993
frota_reduzida,genetic,10,59,19556.236993
frota_reduzida,genetic,10,60,19556.236993
frota_reduzida,genetic,10,61,19556.236993
frota_reduzida,genetic,10,62,19556.236993
frota_reduzida,genetic,10,63,19556.236993
frota_reduzida,genetic,10,64,19556.236993
frota_reduzida,genetic,10,65,19556.236993
frota_reduzida,genetic,10,66,19556.236993
frota_reduzida,genetic,10,67,19556.236993
frota_reduzida,genetic,10,68,19556.236993
frota_reduzida,genetic,10,69,19556.236993
frota_reduzida,genetic,10,70,19556.236993
frota_reduzida,genetic,10,71,19556.236993
frota_reduzida,genetic,10,72,19556.236993
frota_reduzida,genetic,10,73,19556.236993
frota_reduzida,genetic,10,74,19556.236993
frota_reduzida,genetic,10,75,19556.236993
frota_reduzida,genetic,10,76,19512.008111
frota_reduzida,genetic,10,77,19512.008111
frota_reduzida,genetic,10,78,19512.008111
frota_reduzida,genetic,10,79,19512.008111
frota_reduzida,genetic,10,80,19512.008111
frota_reduzida,genetic,10,81,19512.008111
frota_reduzida,genetic,10,82,19512.008111
frota_reduzida,genetic,10,83,19512.008111
frota_reduzida,genetic,10,84,19512.008111
frota_reduzida,genetic,10,85,19512.008111
frota_reduzida,genetic,10,86,19512.008111
frota_reduzida,genetic,10,87,19512.008111
frota_reduzida,genetic,10,88,19512.008111
frota_reduzida,genetic,10,89,19512.008111
frota_reduzida,genetic,10,90,19512.008111
frota_reduzida,genetic,10,91,19512.008111
frota_reduzida,genetic,10,92,19512.008111
frota_reduzida,genetic,10,93,19512.008111
frota_reduzida,genetic,10,94,19512.008111
frota_reduzida,genetic,10,95,19512.008111
frota_reduzida,genetic,10,96,19512.008111
frota_reduzida,genetic,10,97,19512.008111
frota_reduzida,genetic,10,98,19512.008111
frota_reduzida,genetic,10,99,19512.008111
frota_reduzida,genetic,10,100,19512.008111
frota_reduzida,genetic,10,101,19512.008111
frota_reduzida,genetic,10,102,19512.008111
frota_reduzida,genetic,10,103,19512.008111
frota_reduzida,genetic,10,104,19512.008111
frota_reduzida,genetic,10,105,19512.008111
frota_reduzida,genetic,10,106,19512.008111
frota_reduzida,genetic,10,107,19512.008111
frota_reduzida,genetic,10,108,19512.008111
frota_reduzida,genetic,10,109,19512.008111
frota_reduzida,genetic,10,110,19512.008111
frota_reduzida,genetic,10,111,19512.008111
frota_reduzida,genetic,10,112,19512.008111
frota_reduzida,genetic,10,113,19512.008111
frota_reduzida,genetic,10,114,19512.008111
frota_reduzida,genetic,10,115,19512.008111
frota_reduzida,genetic,10,116,19512.008111
frota_reduzida,genetic,10,117,19512.008111
frota_reduzida,genetic,10,118,19512.008111
frota_reduzida,genetic,10,119,19512.008111
frota_reduzida,genetic,10,120,19512.008111
frota_reduzida,genetic,10,121,19512.008111
frota_reduzida,genetic,10,122,19512.008111
frota_reduzida,genetic,10,123,19512.008111
frota_reduzida,genetic,10,124,19512.008111
frota_reduzida,genetic,10,125,19512.008111
frota_reduzida,genetic,10,126,19512.008111
maior,nearest_neighbor,1,1,51363.428316
maior,random,1,1,12719691.194365
maior,genetic,1,1,54583.659317
maior,genetic,1,2,51084.486218
maior,genetic,1,3,51084.486218
maior,genetic,1,4,50753.212189
maior,genetic,1,5,49222.314681
maior,genetic,1,6,49222.314681
maior,genetic,1,7,48023.431336
maior,genetic,1,8,48023.431336
maior,genetic,1,9,48023.431336
maior,genetic,1,10,46890.797804
maior,genetic,1,11,46890.797804
maior,genetic,1,12,46890.797804
maior,genetic,1,13,46721.522728
maior,genetic,1,14,46721.522728
maior,genetic,1,15,46711.821324
maior,genetic,1,16,45928.824851
maior,genetic,1,17,45799.885740
maior,genetic,1,18,45799.885740
maior,genetic,1,19,45455.428460
maior,genetic,1,20,45300.671984
maior,genetic,1,21,45300.671984
maior,genetic,1,22,45166.800589
maior,genetic,1,23,44758.490901
maior,genetic,1,24,44758.490901
maior,genetic,1,25,44758.490901
maior,genetic,1,26,44758.490901
maior,genetic,1,27,44655.400334
maior,genetic,1,28,43911.103517
maior,genetic,1,29,43911.103517
maior,genetic,1,30,43911.103517
maior,genetic,1,31,43911.103517
maior,genetic,1,32,43911.103517
maior,genetic,1,33,43616.375536
maior,genetic,1,34,43616.375536
maior,genetic,1,35,43616.375536
maior,genetic,1,36,43616.375536
maior,genetic,1,37,43616.375536
maior,genetic,1,38,43616.375536
maior,genetic,1,39,43616.375536
maior,genetic,1,40,43616.375536
maior,genetic,1,41,43616.375536
maior,genetic,1,42,42996.335750
maior,genetic,1,43,42996.335750
maior,genetic,1,44,42996.335750
maior,genetic,1,45,42996.335750
maior,genetic,1,46,42996.335750
maior,genetic,1,47,42996.335750
maior,genetic,1,48,42996.335750
maior,genetic,1,49,42996.335750
maior,genetic,1,50,42994.674758
maior,genetic,1,51,42952.277413
maior,genetic,1,52,42952.277413
maior,genetic,1,53,42952.277413
maior,genetic,1,54,42952.277413
maior,genetic,1,55,42952.277413
maior,genetic,1,56,42952.277413
maior,genetic,1,57,42952.277413
maior,genetic,1,58,42952.277413
maior,genetic,1,59,42952.277413
maior,genetic,1,60,42952.277413
maior,genetic,1,61,42952.277413
maior,genetic,1,62,42952.277413
maior,genetic,1,63,42952.277413
maior,genetic,1,64,42952.277413
maior,genetic,1,65,42952.277413
maior,genetic,1,66,42952.277413
maior,genetic,1,67,42952.277413
maior,genetic,1,68,42952.277413
maior,genetic,1,69,42952.277413
maior,genetic,1,70,42952.277413
maior,genetic,1,71,42943.792454
maior,genetic,1,72,42907.198574
maior,genetic,1,73,42907.198574
maior,genetic,1,74,42907.198574
maior,genetic,1,75,42907.198574
maior,genetic,1,76,42907.198574
maior,genetic,1,77,42907.198574
maior,genetic,1,78,42907.198574
maior,genetic,1,79,42907.198574
maior,genetic,1,80,42907.198574
maior,genetic,1,81,42907.198574
maior,genetic,1,82,42907.198574
maior,genetic,1,83,42907.198574
maior,genetic,1,84,42907.198574
maior,genetic,1,85,42907.198574
maior,genetic,1,86,42717.500205
maior,genetic,1,87,42717.500205
maior,genetic,1,88,42717.500205
maior,genetic,1,89,42675.053104
maior,genetic,1,90,42673.924827
maior,genetic,1,91,42673.924827
maior,genetic,1,92,42673.924827
maior,genetic,1,93,42644.135967
maior,genetic,1,94,42615.972719
maior,genetic,1,95,42615.972719
maior,genetic,1,96,42615.972719
maior,genetic,1,97,42615.972719
maior,genetic,1,98,42615.972719
maior,genetic,1,99,42615.972719
maior,genetic,1,100,42615.972719
maior,genetic,1,101,42615.972719
maior,genetic,1,102,42615.972719
maior,genetic,1,103,42615.972719
maior,genetic,1,104,42615.972719
maior,genetic,1,105,42608.989796
maior,genetic,1,106,42586.183859
maior,genetic,1,107,42586.183859
maior,genetic,1,108,42586.183859
maior,genetic,1,109,42586.183859
maior,genetic,1,110,42586.183859
maior,genetic,1,111,42586.183859
maior,genetic,1,112,42586.183859
maior,genetic,1,113,42586.183859
maior,genetic,1,114,42586.183859
maior,genetic,1,115,42586.183859
maior,genetic,1,116,42586.183859
maior,genetic,1,117,42586.183859
maior,genetic,1,118,42586.183859
maior,genetic,1,119,42586.183859
maior,genetic,1,120,42586.183859
maior,genetic,1,121,42586.183859
maior,genetic,1,122,42586.183859
maior,genetic,1,123,42586.183859
maior,genetic,1,124,42586.183859
maior,genetic,1,125,42586.183859
maior,genetic,1,126,42586.183859
maior,genetic,1,127,42586.183859
maior,genetic,1,128,42586.183859
maior,genetic,1,129,42543.673523
maior,genetic,1,130,42543.673523
maior,genetic,1,131,42543.673523
maior,genetic,1,132,42543.673523
maior,genetic,1,133,42543.673523
maior,genetic,1,134,42543.673523
maior,genetic,1,135,42543.673523
maior,genetic,1,136,42543.673523
maior,genetic,1,137,42543.673523
maior,genetic,1,138,42543.673523
maior,genetic,1,139,42543.673523
maior,genetic,1,140,42543.673523
maior,genetic,1,141,42543.673523
maior,genetic,1,142,42543.673523
maior,genetic,1,143,42543.673523
maior,genetic,1,144,42543.673523
maior,genetic,1,145,42543.673523
maior,genetic,1,146,42543.673523
maior,genetic,1,147,42543.673523
maior,genetic,1,148,42543.673523
maior,genetic,1,149,42543.673523
maior,genetic,1,150,42543.673523
maior,genetic,1,151,42543.673523
maior,genetic,1,152,42543.673523
maior,genetic,1,153,42543.673523
maior,genetic,1,154,42543.673523
maior,genetic,1,155,42543.673523
maior,genetic,1,156,42543.673523
maior,genetic,1,157,42543.673523
maior,genetic,1,158,42543.673523
maior,genetic,1,159,42543.673523
maior,genetic,1,160,42543.673523
maior,genetic,1,161,42543.673523
maior,genetic,1,162,42471.484127
maior,genetic,1,163,42471.484127
maior,genetic,1,164,42471.484127
maior,genetic,1,165,42471.484127
maior,genetic,1,166,42471.484127
maior,genetic,1,167,42471.484127
maior,genetic,1,168,42471.484127
maior,genetic,1,169,42471.484127
maior,genetic,1,170,42471.484127
maior,genetic,1,171,42471.484127
maior,genetic,1,172,42471.484127
maior,genetic,1,173,42471.484127
maior,genetic,1,174,42471.484127
maior,genetic,1,175,42471.484127
maior,genetic,1,176,42471.484127
maior,genetic,1,177,42471.484127
maior,genetic,1,178,42471.484127
maior,genetic,1,179,42471.484127
maior,genetic,1,180,42471.484127
maior,genetic,1,181,42471.484127
maior,genetic,1,182,42471.484127
maior,genetic,1,183,42471.484127
maior,genetic,1,184,42471.484127
maior,genetic,1,185,42471.484127
maior,genetic,1,186,42471.484127
maior,genetic,1,187,42471.484127
maior,genetic,1,188,42471.484127
maior,genetic,1,189,42471.484127
maior,genetic,1,190,42471.484127
maior,genetic,1,191,42471.484127
maior,genetic,1,192,42471.484127
maior,genetic,1,193,42471.484127
maior,genetic,1,194,42471.484127
maior,genetic,1,195,42471.484127
maior,genetic,1,196,42214.213803
maior,genetic,1,197,42214.213803
maior,genetic,1,198,42214.213803
maior,genetic,1,199,42214.213803
maior,genetic,1,200,42192.805680
maior,genetic,1,201,42192.805680
maior,genetic,1,202,42192.805680
maior,genetic,1,203,42192.805680
maior,genetic,1,204,42192.805680
maior,genetic,1,205,42192.805680
maior,genetic,1,206,42192.805680
maior,genetic,1,207,42192.805680
maior,genetic,1,208,42170.116245
maior,genetic,1,209,42170.116245
maior,genetic,1,210,42170.116245
maior,genetic,1,211,42170.116245
maior,genetic,1,212,42170.116245
maior,genetic,1,213,42170.116245
maior,genetic,1,214,42170.116245
maior,genetic,1,215,42170.116245
maior,genetic,1,216,42170.116245
maior,genetic,1,217,42170.116245
maior,genetic,1,218,42170.116245
maior,genetic,1,219,42170.116245
maior,genetic,1,220,42170.116245
maior,genetic,1,221,42170.116245
maior,genetic,1,222,42170.116245
maior,genetic,1,223,42170.116245
maior,genetic,1,224,42170.116245
maior,genetic,1,225,42170.116245
maior,genetic,1,226,42170.116245
maior,genetic,1,227,42170.116245
maior,genetic,1,228,42170.116245
maior,genetic,1,229,42170.116245
maior,genetic,1,230,42170.116245
maior,genetic,1,231,42170.116245
maior,genetic,1,232,42170.116245
maior,genetic,1,233,42170.116245
maior,genetic,1,234,42170.116245
maior,genetic,1,235,42170.116245
maior,genetic,1,236,42078.162216
maior,genetic,1,237,42078.162216
maior,genetic,1,238,42078.162216
maior,genetic,1,239,42078.162216
maior,genetic,1,240,42078.162216
maior,genetic,1,241,42078.162216
maior,genetic,1,242,42078.162216
maior,genetic,1,243,42078.162216
maior,genetic,1,244,42078.162216
maior,genetic,1,245,42078.162216
maior,genetic,1,246,42078.162216
maior,genetic,1,247,42078.162216
maior,genetic,1,248,42078.162216
maior,genetic,1,249,42078.162216
maior,genetic,1,250,42078.162216
maior,genetic,1,251,42078.162216
maior,genetic,1,252,42078.162216
maior,genetic,1,253,42078.162216
maior,genetic,1,254,42078.162216
maior,genetic,1,255,42078.162216
maior,genetic,1,256,42078.162216
maior,genetic,1,257,42078.162216
maior,genetic,1,258,42078.162216
maior,genetic,1,259,42078.162216
maior,genetic,1,260,42078.162216
maior,genetic,1,261,42078.162216
maior,genetic,1,262,42078.162216
maior,genetic,1,263,42078.162216
maior,genetic,1,264,42078.162216
maior,genetic,1,265,42078.162216
maior,genetic,1,266,42078.162216
maior,genetic,1,267,42078.162216
maior,genetic,1,268,42078.162216
maior,genetic,1,269,42078.162216
maior,genetic,1,270,42078.162216
maior,genetic,1,271,42078.162216
maior,genetic,1,272,42078.162216
maior,genetic,1,273,41971.287837
maior,genetic,1,274,41971.287837
maior,genetic,1,275,41971.287837
maior,genetic,1,276,41860.656118
maior,genetic,1,277,41860.656118
maior,genetic,1,278,41860.656118
maior,genetic,1,279,41860.656118
maior,genetic,1,280,41860.656118
maior,genetic,1,281,41860.656118
maior,genetic,1,282,41860.656118
maior,genetic,1,283,41860.656118
maior,genetic,1,284,41860.656118
maior,genetic,1,285,41860.656118
maior,genetic,1,286,41860.656118
maior,genetic,1,287,41857.095807
maior,genetic,1,288,41857.095807
maior,genetic,1,289,41857.095807
maior,genetic,1,290,41857.095807
maior,genetic,1,291,41857.095807
maior,genetic,1,292,41857.095807
maior,genetic,1,293,41857.095807
maior,genetic,1,294,41857.095807
maior,genetic,1,295,41857.095807
maior,genetic,1,296,41857.095807
maior,genetic,1,297,41857.095807
maior,genetic,1,298,41857.095807
maior,genetic,1,299,41857.095807
maior,genetic,1,300,41857.095807
maior,genetic,1,301,41857.095807
maior,genetic,1,302,41857.095807
maior,genetic,1,303,41857.095807
maior,genetic,1,304,41857.095807
maior,genetic,1,305,41857.095807
maior,genetic,1,306,41857.095807
maior,genetic,1,307,41857.095807
maior,genetic,1,308,41857.095807
maior,genetic,1,309,41857.095807
maior,genetic,1,310,41848.569231
maior,genetic,1,311,41848.569231
maior,genetic,1,312,41848.569231
maior,genetic,1,313,41848.569231
maior,genetic,1,314,41848.569231
maior,genetic,1,315,41848.569231
maior,genetic,1,316,41848.569231
maior,genetic,1,317,41725.784944
maior,genetic,1,318,41725.784944
maior,genetic,1,319,41725.784944
maior,genetic,1,320,41725.784944
maior,genetic,1,321,41725.784944
maior,genetic,1,322,41725.784944
maior,genetic,1,323,41725.784944
maior,genetic,1,324,41725.784944
maior,genetic,1,325,41725.784944
maior,genetic,1,326,41725.784944
maior,genetic,1,327,41725.784944
maior,genetic,1,328,41505.476361
maior,genetic,1,329,41505.476361
maior,genetic,1,330,41505.476361
maior,genetic,1,331,41505.476361
maior,genetic,1,332,41505.476361
maior,genetic,1,333,41505.476361
maior,genetic,1,334,41505.476361
maior,genetic,1,335,41505.476361
maior,genetic,1,336,41505.476361
maior,genetic,1,337,41505.476361
maior,genetic,1,338,41505.476361
maior,genetic,1,339,41459.801461
maior,genetic,1,340,41459.801461
maior,genetic,1,341,41459.801461
maior,genetic,1,342,41459.801461
maior,genetic,1,343,41459.801461
maior,genetic,1,344,41459.801461
maior,genetic,1,345,41459.801461
maior,genetic,1,346,41459.801461
maior,genetic,1,347,41459.801461
maior,genetic,1,348,41459.801461
maior,genetic,1,349,41459.801461
maior,genetic,1,350,41459.801461
maior,genetic,1,351,41459.801461
maior,genetic,1,352,41459.801461
maior,genetic,1,353,41378.670811
maior,genetic,1,354,41378.670811
maior,genetic,1,355,41354.881367
maior,genetic,1,356,41354.881367
maior,genetic,1,357,41354.881367
maior,genetic,1,358,41354.881367
maior,genetic,1,359,41354.881367
maior,genetic,1,360,41354.881367
maior,genetic,1,361,41354.881367
maior,genetic,1,362,41354.881367
maior,genetic,1,363,41354.881367
maior,genetic,1,364,41329.897615
maior,genetic,1,365,41329.897615
maior,genetic,1,366,41329.897615
maior,genetic,1,367,41329.897615
maior,genetic,1,368,41329.897615
maior,genetic,1,369,41329.897615
maior,genetic,1,370,41329.897615
maior,genetic,1,371,41329.897615
maior,genetic,1,372,41329.897615
maior,genetic,1,373,41329.897615
maior,genetic,1,374,41329.897615
maior,genetic,1,375,41329.897615
maior,genetic,1,376,41329.897615
maior,genetic,1,377,41329.897615
maior,genetic,1,378,41329.897615
maior,genetic,1,379,41184.965179
maior,genetic,1,380,41184.965179
maior,genetic,1,381,41080.045085
maior,genetic,1,382,41080.045085
maior,genetic,1,383,41080.045085
maior,genetic,1,384,41080.045085
maior,genetic,1,385,41080.045085
maior,genetic,1,386,41080.045085
maior,genetic,1,387,41080.045085
maior,genetic,1,388,41080.045085
maior,genetic,1,389,41080.045085
maior,genetic,1,390,41080.045085
maior,genetic,1,391,41080.045085
maior,genetic,1,392,41080.045085
maior,genetic,1,393,41080.045085
maior,genetic,1,394,41080.045085
maior,genetic,1,395,41080.045085
maior,genetic,1,396,41080.045085
maior,genetic,1,397,41080.045085
maior,genetic,1,398,41080.045085
maior,genetic,1,399,41080.045085
maior,genetic,1,400,41080.045085
maior,genetic,1,401,41080.045085
maior,genetic,1,402,41080.045085
maior,genetic,1,403,41080.045085
maior,genetic,1,404,41080.045085
maior,genetic,1,405,41080.045085
maior,genetic,1,406,41080.045085
maior,genetic,1,407,41080.045085
maior,genetic,1,408,41080.045085
maior,genetic,1,409,41080.045085
maior,genetic,1,410,41080.045085
maior,genetic,1,411,41080.045085
maior,genetic,1,412,41080.045085
maior,genetic,1,413,41080.045085
maior,genetic,1,414,41080.045085
maior,genetic,1,415,41080.045085
maior,genetic,1,416,41080.045085
maior,genetic,1,417,41080.045085
maior,genetic,1,418,41080.045085
maior,genetic,1,419,41080.045085
maior,genetic,1,420,41080.045085
maior,genetic,1,421,41080.045085
maior,genetic,1,422,41080.045085
maior,genetic,1,423,41080.045085
maior,genetic,1,424,41080.045085
maior,genetic,1,425,41080.045085
maior,genetic,1,426,41080.045085
maior,genetic,1,427,41080.045085
maior,genetic,1,428,41080.045085
maior,genetic,1,429,41080.045085
maior,genetic,1,430,41080.045085
maior,genetic,1,431,41080.045085
maior,random,2,1,10139909.378929
maior,genetic,2,1,1048423.534107
maior,genetic,2,2,50121.141782
maior,genetic,2,3,48996.170630
maior,genetic,2,4,48996.170630
maior,genetic,2,5,48996.170630
maior,genetic,2,6,48064.797540
maior,genetic,2,7,47167.564279
maior,genetic,2,8,47167.564279
maior,genetic,2,9,47167.564279
maior,genetic,2,10,47167.564279
maior,genetic,2,11,47167.564279
maior,genetic,2,12,47167.564279
maior,genetic,2,13,46085.415536
maior,genetic,2,14,46085.415536
maior,genetic,2,15,46004.693149
maior,genetic,2,16,44726.681417
maior,genetic,2,17,44726.681417
maior,genetic,2,18,44726.681417
maior,genetic,2,19,44662.583993
maior,genetic,2,20,44662.583993
maior,genetic,2,21,44573.882876
maior,genetic,2,22,44508.530297
maior,genetic,2,23,44274.461357
maior,genetic,2,24,44129.891033
maior,genetic,2,25,44129.891033
maior,genetic,2,26,44084.737263
maior,genetic,2,27,44084.737263
maior,genetic,2,28,43924.795168
maior,genetic,2,29,43924.795168
maior,genetic,2,30,43899.049691
maior,genetic,2,31,43899.049691
maior,genetic,2,32,43899.049691
maior,genetic,2,33,43899.049691
maior,genetic,2,34,43899.049691
maior,genetic,2,35,43820.874331
maior,genetic,2,36,43820.874331
maior,genetic,2,37,43791.007420
maior,genetic,2,38,43791.007420
maior,genetic,2,39,43791.007420
maior,genetic,2,40,43791.007420
maior,genetic,2,41,43791.007420
maior,genetic,2,42,43791.007420
maior,genetic,2,43,43791.007420
maior,genetic,2,44,43791.007420
maior,genetic,2,45,43531.662001
maior,genetic,2,46,43481.220354
maior,genetic,2,47,43461.471250
maior,genetic,2,48,43461.471250
maior,genetic,2,49,43461.471250
maior,genetic,2,50,43200.261919
maior,genetic,2,51,43200.261919
maior,genetic,2,52,43200.261919
maior,genetic,2,53,43178.333890
maior,genetic,2,54,43178.333890
maior,genetic,2,55,43129.942867
maior,genetic,2,56,43055.205079
maior,genetic,2,57,42909.623518
maior,genetic,2,58,42837.268594
maior,genetic,2,59,42837.268594
maior,genetic,2,60,42837.268594
maior,genetic,2,61,42837.268594
maior,genetic,2,62,42740.623854
maior,genetic,2,63,42740.623854
maior,genetic,2,64,42740.623854
maior,genetic,2,65,42708.711370
maior,genetic,2,66,42708.711370
maior,genetic,2,67,42708.711370
maior,genetic,2,68,42708.711370
maior,genetic,2,69,42708.711370
maior,genetic,2,70,42708.711370
maior,genetic,2,71,42708.711370
maior,genetic,2,72,42708.711370
maior,genetic,2,73,42708.711370
maior,genetic,2,74,42676.225344
maior,genetic,2,75,42676.225344
maior,genetic,2,76,42604.508786
maior,genetic,2,77,42604.508786
maior,genetic,2,78,42604.508786
maior,genetic,2,79,42604.508786
maior,genetic,2,80,42604.508786
maior,genetic,2,81,42604.508786
maior,genetic,2,82,42604.508786
maior,genetic,2,83,42589.716907
maior,genetic,2,84,42589.716907
maior,genetic,2,85,42589.716907
maior,genetic,2,86,42589.716907
maior,genetic,2,87,42589.716907
maior,genetic,2,88,42589.716907
maior,genetic,2,89,42589.716907
maior,genetic,2,90,42589.716907
maior,genetic,2,91,42589.716907
maior,genetic,2,92,42551.385128
maior,genetic,2,93,42551.385128
maior,genetic,2,94,42551.385128
maior,genetic,2,95,42551.385128
maior,genetic,2,96,42551.385128
maior,genetic,2,97,42551.385128
maior,genetic,2,98,42551.385128
maior,genetic,2,99,42551.385128
maior,genetic,2,100,42551.385128
maior,genetic,2,101,42533.952414
maior,genetic,2,102,42533.952414
maior,genetic,2,103,42533.952414
maior,genetic,2,104,42533.952414
maior,genetic,2,105,42466.544739
maior,genetic,2,106,42466.544739
maior,genetic,2,107,42466.544739
maior,genetic,2,108,42466.544739
maior,genetic,2,109,42466.544739
maior,genetic,2,110,42466.544739
maior,genetic,2,111,42466.544739
maior,genetic,2,112,42466.544739
maior,genetic,2,113,42466.544739
maior,genetic,2,114,42466.544739
maior,genetic,2,115,42466.544739
maior,genetic,2,116,42208.648227
maior,genetic,2,117,42208.648227
maior,genetic,2,118,41971.020133
maior,genetic,2,119,41819.381836
maior,genetic,2,120,41819.381836
maior,genetic,2,121,41819.381836
maior,genetic,2,122,41819.381836
maior,genetic,2,123,41819.381836
maior,genetic,2,124,41819.381836
maior,genetic,2,125,41819.381836
maior,genetic,2,126,41819.381836
maior,genetic,2,127,41819.381836
maior,genetic,2,128,41781.451023
maior,genetic,2,129,41781.451023
maior,genetic,2,130,41781.451023
maior,genetic,2,131,41777.092704
maior,genetic,2,132,41594.903152
maior,genetic,2,133,41594.903152
maior,genetic,2,134,41594.903152
maior,genetic,2,135,41452.475201
maior,genetic,2,136,41452.475201
maior,genetic,2,137,41452.475201
maior,genetic,2,138,41452.475201
maior,genetic,2,139,41452.475201
maior,genetic,2,140,41452.475201
maior,genetic,2,141,41364.556437
maior,genetic,2,142,41364.556437
maior,genetic,2,143,41364.556437
maior,genetic,2,144,41330.937248
maior,genetic,2,145,41330.937248
maior,genetic,2,146,41330.937248
maior,genetic,2,147,41330.937248
maior,genetic,2,148,41330.937248
maior,genetic,2,149,41330.937248
maior,genetic,2,150,41318.881537
maior,genetic,2,151,41310.554699
maior,genetic,2,152,41310.554699
maior,genetic,2,153,41310.554699
maior,genetic,2,154,41310.554699
maior,genetic,2,155,41310.554699
maior,genetic,2,156,41310.554699
maior,genetic,2,157,41310.554699
maior,genetic,2,158,41310.554699
maior,genetic,2,159,41310.554699
maior,genetic,2,160,41310.554699
maior,genetic,2,161,41310.554699
maior,genetic,2,162,41295.092093
maior,genetic,2,163,41295.092093
maior,genetic,2,164,41295.092093
maior,genetic,2,165,41295.092093
maior,genetic,2,166,41295.092093
maior,genetic,2,167,41295.092093
maior,genetic,2,168,41295.092093
maior,genetic,2,169,41295.092093
maior,genetic,2,170,41295.092093
maior,genetic,2,171,41295.092093
maior,genetic,2,172,41295.092093
maior,genetic,2,173,41295.092093
maior,genetic,2,174,41295.092093
maior,genetic,2,175,41295.092093
maior,genetic,2,176,41295.092093
maior,genetic,2,177,41295.092093
maior,genetic,2,178,41295.092093
maior,genetic,2,179,41295.092093
maior,genetic,2,180,41295.092093
maior,genetic,2,181,41295.092093
maior,genetic,2,182,41126.044108
maior,genetic,2,183,41126.044108
maior,genetic,2,184,41126.044108
maior,genetic,2,185,41126.044108
maior,genetic,2,186,41126.044108
maior,genetic,2,187,41126.044108
maior,genetic,2,188,41126.044108
maior,genetic,2,189,41126.044108
maior,genetic,2,190,41087.872592
maior,genetic,2,191,41079.439502
maior,genetic,2,192,41029.012606
maior,genetic,2,193,41029.012606
maior,genetic,2,194,41029.012606
maior,genetic,2,195,41029.012606
maior,genetic,2,196,40958.080574
maior,genetic,2,197,40958.080574
maior,genetic,2,198,40958.080574
maior,genetic,2,199,40958.080574
maior,genetic,2,200,40958.080574
maior,genetic,2,201,40958.080574
maior,genetic,2,202,40958.080574
maior,genetic,2,203,40958.080574
maior,genetic,2,204,40958.080574
maior,genetic,2,205,40958.080574
maior,genetic,2,206,40879.426409
maior,genetic,2,207,40879.426409
maior,genetic,2,208,40879.426409
maior,genetic,2,209,40879.426409
maior,genetic,2,210,40879.426409
maior,genetic,2,211,40879.426409
maior,genetic,2,212,40879.426409
maior,genetic,2,213,40879.426409
maior,genetic,2,214,40879.426409
maior,genetic,2,215,40879.426409
maior,genetic,2,216,40879.426409
maior,genetic,2,217,40879.426409
maior,genetic,2,218,40879.426409
maior,genetic,2,219,40879.426409
maior,genetic,2,220,40879.426409
maior,genetic,2,221,40879.426409
maior,genetic,2,222,40879.426409
maior,genetic,2,223,40879.426409
maior,genetic,2,224,40879.426409
maior,genetic,2,225,40879.426409
maior,genetic,2,226,40879.426409
maior,genetic,2,227,40879.426409
maior,genetic,2,228,40879.426409
maior,genetic,2,229,40879.426409
maior,genetic,2,230,40879.426409
maior,genetic,2,231,40879.426409
maior,genetic,2,232,40879.426409
maior,genetic,2,233,40879.426409
maior,genetic,2,234,40879.426409
maior,genetic,2,235,40879.426409
maior,genetic,2,236,40879.426409
maior,genetic,2,237,40879.426409
maior,genetic,2,238,40879.426409
maior,genetic,2,239,40879.426409
maior,genetic,2,240,40879.426409
maior,genetic,2,241,40879.426409
maior,genetic,2,242,40879.426409
maior,genetic,2,243,40879.426409
maior,genetic,2,244,40879.426409
maior,genetic,2,245,40879.426409
maior,genetic,2,246,40879.426409
maior,genetic,2,247,40879.426409
maior,genetic,2,248,40879.426409
maior,genetic,2,249,40879.426409
maior,genetic,2,250,40879.426409
maior,genetic,2,251,40879.426409
maior,genetic,2,252,40879.426409
maior,genetic,2,253,40879.426409
maior,genetic,2,254,40879.426409
maior,genetic,2,255,40879.426409
maior,genetic,2,256,40879.426409
maior,random,3,1,13287199.673707
maior,genetic,3,1,1537981.869687
maior,genetic,3,2,50920.874055
maior,genetic,3,3,50920.874055
maior,genetic,3,4,49835.803979
maior,genetic,3,5,48882.541398
maior,genetic,3,6,48771.455285
maior,genetic,3,7,48741.758164
maior,genetic,3,8,48319.525938
maior,genetic,3,9,47387.888167
maior,genetic,3,10,47387.888167
maior,genetic,3,11,47387.888167
maior,genetic,3,12,47058.405566
maior,genetic,3,13,46580.137701
maior,genetic,3,14,46580.137701
maior,genetic,3,15,46580.137701
maior,genetic,3,16,46580.137701
maior,genetic,3,17,46348.477815
maior,genetic,3,18,45755.141743
maior,genetic,3,19,45755.141743
maior,genetic,3,20,45755.141743
maior,genetic,3,21,45755.141743
maior,genetic,3,22,45755.141743
maior,genetic,3,23,45506.598646
maior,genetic,3,24,45342.553958
maior,genetic,3,25,45342.553958
maior,genetic,3,26,45342.553958
maior,genetic,3,27,45342.553958
maior,genetic,3,28,45342.553958
maior,genetic,3,29,45342.553958
maior,genetic,3,30,45342.553958
maior,genetic,3,31,45342.553958
maior,genetic,3,32,44991.495828
maior,genetic,3,33,44991.495828
maior,genetic,3,34,44991.495828
maior,genetic,3,35,44798.163593
maior,genetic,3,36,44798.163593
maior,genetic,3,37,44798.163593
maior,genetic,3,38,44798.163593
maior,genetic,3,39,44798.163593
maior,genetic,3,40,44798.163593
maior,genetic,3,41,44798.163593
maior,genetic,3,42,44628.549821
maior,genetic,3,43,44628.549821
maior,genetic,3,44,44628.549821
maior,genetic,3,45,44628.549821
maior,genetic,3,46,44628.549821
maior,genetic,3,47,44628.549821
maior,genetic,3,48,44628.549821
maior,genetic,3,49,44628.549821
maior,genetic,3,50,44628.549821
maior,genetic,3,51,44628.549821
maior,genetic,3,52,44584.140568
maior,genetic,3,53,44584.140568
maior,genetic,3,54,44584.140568
maior,genetic,3,55,44584.140568
maior,genetic,3,56,44584.140568
maior,genetic,3,57,44584.140568
maior,genetic,3,58,44584.140568
maior,genetic,3,59,44584.140568
maior,genetic,3,60,44584.140568
maior,genetic,3,61,44584.140568
maior,genetic,3,62,44584.140568
maior,genetic,3,63,44584.140568
maior,genetic,3,64,44568.677963
maior,genetic,3,65,44530.101192
maior,genetic,3,66,44530.101192
maior,genetic,3,67,44530.101192
maior,genetic,3,68,44386.105116
maior,genetic,3,69,44386.105116
maior,genetic,3,70,44386.105116
maior,genetic,3,71,44386.105116
maior,genetic,3,72,44386.105116
maior,genetic,3,73,44386.105116
maior,genetic,3,74,44386.105116
maior,genetic,3,75,44386.105116
maior,genetic,3,76,44361.002137
maior,genetic,3,77,44361.002137
maior,genetic,3,78,44361.002137
maior,genetic,3,79,44361.002137
maior,genetic,3,80,44360.960222
maior,genetic,3,81,44360.960222
maior,genetic,3,82,44332.176369
maior,genetic,3,83,44332.176369
maior,genetic,3,84,44318.555036
maior,genetic,3,85,44318.555036
maior,genetic,3,86,44318.555036
maior,genetic,3,87,44318.555036
maior,genetic,3,88,44318.555036
maior,genetic,3,89,44318.555036
maior,genetic,3,90,44318.555036
maior,genetic,3,91,44318.555036
maior,genetic,3,92,44318.555036
maior,genetic,3,93,44318.555036
maior,genetic,3,94,44318.555036
maior,genetic,3,95,44318.555036
maior,genetic,3,96,44318.555036
maior,genetic,3,97,44318.555036
maior,genetic,3,98,44318.555036
maior,genetic,3,99,44318.555036
maior,genetic,3,100,44318.555036
maior,genetic,3,101,44318.555036
maior,genetic,3,102,44318.555036
maior,genetic,3,103,44318.555036
maior,genetic,3,104,44318.555036
maior,genetic,3,105,44318.555036
maior,genetic,3,106,44318.555036
maior,genetic,3,107,44318.555036
maior,genetic,3,108,44318.555036
maior,genetic,3,109,44318.555036
maior,genetic,3,110,44318.555036
maior,genetic,3,111,44318.555036
maior,genetic,3,112,44318.555036
maior,genetic,3,113,44318.555036
maior,genetic,3,114,44318.555036
maior,genetic,3,115,44318.555036
maior,genetic,3,116,44318.555036
maior,genetic,3,117,44318.555036
maior,genetic,3,118,44318.555036
maior,genetic,3,119,44318.555036
maior,genetic,3,120,44318.555036
maior,genetic,3,121,44318.555036
maior,genetic,3,122,44318.555036
maior,genetic,3,123,44318.555036
maior,genetic,3,124,44318.555036
maior,genetic,3,125,44318.555036
maior,genetic,3,126,44318.555036
maior,genetic,3,127,44318.555036
maior,genetic,3,128,44318.555036
maior,genetic,3,129,44289.110017
maior,genetic,3,130,44289.110017
maior,genetic,3,131,44289.110017
maior,genetic,3,132,44289.110017
maior,genetic,3,133,44289.110017
maior,genetic,3,134,44289.110017
maior,genetic,3,135,44254.650155
maior,genetic,3,136,44254.650155
maior,genetic,3,137,44254.650155
maior,genetic,3,138,44254.650155
maior,genetic,3,139,44254.650155
maior,genetic,3,140,44254.650155
maior,genetic,3,141,44254.650155
maior,genetic,3,142,44254.650155
maior,genetic,3,143,44254.650155
maior,genetic,3,144,44254.650155
maior,genetic,3,145,44254.650155
maior,genetic,3,146,44254.650155
maior,genetic,3,147,44254.650155
maior,genetic,3,148,44254.650155
maior,genetic,3,149,44254.650155
maior,genetic,3,150,44254.650155
maior,genetic,3,151,44254.650155
maior,genetic,3,152,44254.650155
maior,genetic,3,153,44254.650155
maior,genetic,3,154,44254.650155
maior,genetic,3,155,44254.650155
maior,genetic,3,156,44254.650155
maior,genetic,3,157,44254.650155
maior,genetic,3,158,44254.650155
maior,genetic,3,159,44254.650155
maior,genetic,3,160,44254.650155
maior,genetic,3,161,44254.650155
maior,genetic,3,162,44254.650155
maior,genetic,3,163,44254.650155
maior,genetic,3,164,44254.650155
maior,genetic,3,165,44254.650155
maior,genetic,3,166,44254.650155
maior,genetic,3,167,44254.650155
maior,genetic,3,168,44254.650155
maior,genetic,3,169,44254.650155
maior,genetic,3,170,44254.650155
maior,genetic,3,171,44254.650155
maior,genetic,3,172,44254.650155
maior,genetic,3,173,44254.650155
maior,genetic,3,174,44254.650155
maior,genetic,3,175,44254.650155
maior,genetic,3,176,44254.650155
maior,genetic,3,177,44254.650155
maior,genetic,3,178,44254.650155
maior,genetic,3,179,44254.650155
maior,genetic,3,180,44254.650155
maior,genetic,3,181,44254.650155
maior,genetic,3,182,44254.650155
maior,genetic,3,183,44254.650155
maior,genetic,3,184,44254.650155
maior,genetic,3,185,44254.650155
maior,random,4,1,17539539.186818
maior,genetic,4,1,48645.307801
maior,genetic,4,2,48645.307801
maior,genetic,4,3,48645.307801
maior,genetic,4,4,48645.307801
maior,genetic,4,5,48645.307801
maior,genetic,4,6,48645.307801
maior,genetic,4,7,48645.307801
maior,genetic,4,8,46867.001843
maior,genetic,4,9,46867.001843
maior,genetic,4,10,46867.001843
maior,genetic,4,11,46383.378333
maior,genetic,4,12,46383.378333
maior,genetic,4,13,45727.996360
maior,genetic,4,14,45727.996360
maior,genetic,4,15,45727.996360
maior,genetic,4,16,45727.996360
maior,genetic,4,17,45727.996360
maior,genetic,4,18,45352.430513
maior,genetic,4,19,45352.430513
maior,genetic,4,20,45352.430513
maior,genetic,4,21,45350.609429
maior,genetic,4,22,45115.393599
maior,genetic,4,23,45115.393599
maior,genetic,4,24,44570.009431
maior,genetic,4,25,44541.657774
maior,genetic,4,26,44541.657774
maior,genetic,4,27,44541.657774
maior,genetic,4,28,44057.003213
maior,genetic,4,29,44057.003213
maior,genetic,4,30,44057.003213
maior,genetic,4,31,44057.003213
maior,genetic,4,32,44057.003213
maior,genetic,4,33,44022.571384
maior,genetic,4,34,44022.571384
maior,genetic,4,35,44022.571384
maior,genetic,4,36,44022.571384
maior,genetic,4,37,44022.571384
maior,genetic,4,38,44022.571384
maior,genetic,4,39,44022.571384
maior,genetic,4,40,44022.571384
maior,genetic,4,41,43535.596851
maior,genetic,4,42,43535.596851
maior,genetic,4,43,43535.596851
maior,genetic,4,44,43535.596851
maior,genetic,4,45,43401.952144
maior,genetic,4,46,43401.952144
maior,genetic,4,47,43401.952144
maior,genetic,4,48,43401.952144
maior,genetic,4,49,43401.952144
maior,genetic,4,50,43401.952144
maior,genetic,4,51,43401.952144
maior,genetic,4,52,43401.952144
maior,genetic,4,53,43401.952144
maior,genetic,4,54,43401.952144
maior,genetic,4,55,43401.952144
maior,genetic,4,56,43401.952144
maior,genetic,4,57,43401.952144
maior,genetic,4,58,43364.006376
maior,genetic,4,59,43364.006376
maior,genetic,4,60,43364.006376
maior,genetic,4,61,43343.967154
maior,genetic,4,62,43343.967154
maior,genetic,4,63,43305.367179
maior,genetic,4,64,43305.367179
maior,genetic,4,65,43094.610766
maior,genetic,4,66,43094.610766
maior,genetic,4,67,43090.128212
maior,genetic,4,68,43090.128212
maior,genetic,4,69,43090.128212
maior,genetic,4,70,43090.128212
maior,genetic,4,71,43090.128212
maior,genetic,4,72,43090.128212
maior,genetic,4,73,43030.465368
maior,genetic,4,74,43030.465368
maior,genetic,4,75,43030.423453
maior,genetic,4,76,42988.018267
maior,genetic,4,77,42988.018267
maior,genetic,4,78,42988.018267
maior,genetic,4,79,42988.018267
maior,genetic,4,80,42988.018267
maior,genetic,4,81,42985.665263
maior,genetic,4,82,42985.665263
maior,genetic,4,83,42985.665263
maior,genetic,4,84,42985.665263
maior,genetic,4,85,42974.658961
maior,genetic,4,86,42974.658961
maior,genetic,4,87,42966.929076
maior,genetic,4,88,42966.929076
maior,genetic,4,89,42966.929076
maior,genetic,4,90,42932.253774
maior,genetic,4,91,42932.253774
maior,genetic,4,92,42932.253774
maior,genetic,4,93,42919.681230
maior,genetic,4,94,42919.681230
maior,genetic,4,95,42919.681230
maior,genetic,4,96,42919.681230
maior,genetic,4,97,42919.681230
maior,genetic,4,98,42919.681230
maior,genetic,4,99,42919.681230
maior,genetic,4,100,42919.681230
maior,genetic,4,101,42919.681230
maior,genetic,4,102,42919.681230
maior,genetic,4,103,42919.681230
maior,genetic,4,104,42919.681230
maior,genetic,4,105,42919.681230
maior,genetic,4,106,42919.681230
maior,genetic,4,107,42919.681230
maior,genetic,4,108,42919.681230
maior,genetic,4,109,42919.681230
maior,genetic,4,110,42919.681230
maior,genetic,4,111,42919.681230
maior,genetic,4,112,42919.681230
maior,genetic,4,113,42859.577628
maior,genetic,4,114,42759.428078
maior,genetic,4,115,42759.428078
maior,genetic,4,116,42759.428078
maior,genetic,4,117,42759.428078
maior,genetic,4,118,42759.428078
maior,genetic,4,119,42759.428078
maior,genetic,4,120,42759.428078
maior,genetic,4,121,42759.428078
maior,genetic,4,122,42759.428078
maior,genetic,4,123,42756.468379
maior,genetic,4,124,42756.468379
maior,genetic,4,125,42756.468379
maior,genetic,4,126,42756.468379
maior,genetic,4,127,42756.468379
maior,genetic,4,128,42756.468379
maior,genetic,4,129,42756.468379
maior,genetic,4,130,42756.468379
maior,genetic,4,131,42654.507984
maior,genetic,4,132,42654.507984
maior,genetic,4,133,42654.507984
maior,genetic,4,134,42654.507984
maior,genetic,4,135,42654.507984
maior,genetic,4,136,42654.507984
maior,genetic,4,137,42654.507984
maior,genetic,4,138,42654.507984
maior,genetic,4,139,42654.507984
maior,genetic,4,140,42654.507984
maior,genetic,4,141,42654.507984
maior,genetic,4,142,42654.507984
maior,genetic,4,143,42654.507984
maior,genetic,4,144,42654.507984
maior,genetic,4,145,42654.507984
maior,genetic,4,146,42654.507984
maior,genetic,4,147,42654.507984
maior,genetic,4,148,42654.507984
maior,genetic,4,149,42654.507984
maior,genetic,4,150,42654.507984
maior,genetic,4,151,42654.507984
maior,genetic,4,152,42654.507984
maior,genetic,4,153,42654.507984
maior,genetic,4,154,42654.507984
maior,genetic,4,155,42654.507984
maior,genetic,4,156,42654.507984
maior,genetic,4,157,42654.507984
maior,genetic,4,158,42654.507984
maior,genetic,4,159,42654.507984
maior,genetic,4,160,42654.507984
maior,genetic,4,161,42654.507984
maior,genetic,4,162,42654.507984
maior,genetic,4,163,42654.507984
maior,genetic,4,164,42654.507984
maior,genetic,4,165,42654.507984
maior,genetic,4,166,42654.507984
maior,genetic,4,167,42654.507984
maior,genetic,4,168,42654.507984
maior,genetic,4,169,42654.507984
maior,genetic,4,170,42654.507984
maior,genetic,4,171,42654.507984
maior,genetic,4,172,42654.507984
maior,genetic,4,173,42654.507984
maior,genetic,4,174,42654.507984
maior,genetic,4,175,42654.507984
maior,genetic,4,176,42654.507984
maior,genetic,4,177,42654.507984
maior,genetic,4,178,42654.507984
maior,genetic,4,179,42654.507984
maior,genetic,4,180,42654.507984
maior,genetic,4,181,42654.507984
maior,random,5,1,15099849.960915
maior,genetic,5,1,51999.205130
maior,genetic,5,2,51999.205130
maior,genetic,5,3,50390.169165
maior,genetic,5,4,50390.169165
maior,genetic,5,5,48722.500023
maior,genetic,5,6,48208.862134
maior,genetic,5,7,48208.862134
maior,genetic,5,8,47782.852201
maior,genetic,5,9,47782.852201
maior,genetic,5,10,47782.852201
maior,genetic,5,11,46849.103490
maior,genetic,5,12,45878.851907
maior,genetic,5,13,45878.851907
maior,genetic,5,14,45513.287987
maior,genetic,5,15,45513.287987
maior,genetic,5,16,44938.277379
maior,genetic,5,17,44938.277379
maior,genetic,5,18,44938.277379
maior,genetic,5,19,44938.277379
maior,genetic,5,20,44938.277379
maior,genetic,5,21,44938.277379
maior,genetic,5,22,44938.277379
maior,genetic,5,23,44938.277379
maior,genetic,5,24,44938.277379
maior,genetic,5,25,44938.277379
maior,genetic,5,26,44938.277379
maior,genetic,5,27,44748.231014
maior,genetic,5,28,44447.146031
maior,genetic,5,29,44431.491368
maior,genetic,5,30,44431.491368
maior,genetic,5,31,44431.491368
maior,genetic,5,32,44431.491368
maior,genetic,5,33,44431.491368
maior,genetic,5,34,44431.491368
maior,genetic,5,35,44431.491368
maior,genetic,5,36,44431.491368
maior,genetic,5,37,44431.491368
maior,genetic,5,38,44431.491368
maior,genetic,5,39,44431.491368
maior,genetic,5,40,44431.491368
maior,genetic,5,41,44431.491368
maior,genetic,5,42,44342.326660
maior,genetic,5,43,44317.277757
maior,genetic,5,44,44317.277757
maior,genetic,5,45,44317.277757
maior,genetic,5,46,44317.277757
maior,genetic,5,47,44317.277757
maior,genetic,5,48,44317.277757
maior,genetic,5,49,44185.639221
maior,genetic,5,50,44185.639221
maior,genetic,5,51,44068.221329
maior,genetic,5,52,44068.221329
maior,genetic,5,53,44068.221329
maior,genetic,5,54,44068.221329
maior,genetic,5,55,44060.213230
maior,genetic,5,56,43988.885281
maior,genetic,5,57,43969.227402
maior,genetic,5,58,43969.227402
maior,genetic,5,59,43699.152274
maior,genetic,5,60,43699.152274
maior,genetic,5,61,43699.152274
maior,genetic,5,62,43699.152274
maior,genetic,5,63,43699.152274
maior,genetic,5,64,43632.027413
maior,genetic,5,65,43632.027413
maior,genetic,5,66,43632.027413
maior,genetic,5,67,43632.027413
maior,genetic,5,68,43632.027413
maior,genetic,5,69,43632.027413
maior,genetic,5,70,43632.027413
maior,genetic,5,71,43632.027413
maior,genetic,5,72,43621.510643
maior,genetic,5,73,43621.510643
maior,genetic,5,74,43621.510643
maior,genetic,5,75,43621.510643
maior,genetic,5,76,43621.510643
maior,genetic,5,77,43621.510643
maior,genetic,5,78,43621.510643
maior,genetic,5,79,43621.510643
maior,genetic,5,80,43621.510643
maior,genetic,5,81,43621.510643
maior,genetic,5,82,43606.048038
maior,genetic,5,83,43606.048038
maior,genetic,5,84,43606.048038
maior,genetic,5,85,43606.048038
maior,genetic,5,86,43606.048038
maior,genetic,5,87,43606.048038
maior,genetic,5,88,43606.048038
maior,genetic,5,89,43606.048038
maior,genetic,5,90,43606.048038
maior,genetic,5,91,43606.048038
maior,genetic,5,92,43606.048038
maior,genetic,5,93,43606.048038
maior,genetic,5,94,43606.048038
maior,genetic,5,95,43606.048038
maior,genetic,5,96,43606.048038
maior,genetic,5,97,43606.048038
maior,genetic,5,98,43561.190648
maior,genetic,5,99,43561.190648
maior,genetic,5,100,43561.190648
maior,genetic,5,101,43561.190648
maior,genetic,5,102,43561.190648
maior,genetic,5,103,43561.190648
maior,genetic,5,104,43561.190648
maior,genetic,5,105,43561.190648
maior,genetic,5,106,43561.190648
maior,genetic,5,107,43561.190648
maior,genetic,5,108,43561.190648
maior,genetic,5,109,43561.190648
maior,genetic,5,110,43561.190648
maior,genetic,5,111,43561.190648
maior,genetic,5,112,43561.190648
maior,genetic,5,113,43561.190648
maior,genetic,5,114,43561.190648
maior,genetic,5,115,43561.190648
maior,genetic,5,116,43561.190648
maior,genetic,5,117,43561.190648
maior,genetic,5,118,43561.190648
maior,genetic,5,119,43561.190648
maior,genetic,5,120,43561.190648
maior,genetic,5,121,43458.211870
maior,genetic,5,122,43458.211870
maior,genetic,5,123,43458.211870
maior,genetic,5,124,43410.863780
maior,genetic,5,125,43410.863780
maior,genetic,5,126,43410.863780
maior,genetic,5,127,43410.863780
maior,genetic,5,128,43410.863780
maior,genetic,5,129,43410.863780
maior,genetic,5,130,43410.863780
maior,genetic,5,131,43410.863780
maior,genetic,5,132,43410.863780
maior,genetic,5,133,43410.863780
maior,genetic,5,134,43410.863780
maior,genetic,5,135,43410.863780
maior,genetic,5,136,43410.863780
maior,genetic,5,137,43410.863780
maior,genetic,5,138,43410.863780
maior,genetic,5,139,43376.748566
maior,genetic,5,140,43376.748566
maior,genetic,5,141,43376.748566
maior,genetic,5,142,43376.748566
maior,genetic,5,143,43376.748566
maior,genetic,5,144,43376.748566
maior,genetic,5,145,43376.748566
maior,genetic,5,146,43327.282078
maior,genetic,5,147,43327.282078
maior,genetic,5,148,43327.282078
maior,genetic,5,149,43327.282078
maior,genetic,5,150,43327.282078
maior,genetic,5,151,43327.282078
maior,genetic,5,152,43327.282078
maior,genetic,5,153,43327.282078
maior,genetic,5,154,43327.282078
maior,genetic,5,155,43327.282078
maior,genetic,5,156,43327.282078
maior,genetic,5,157,43327.282078
maior,genetic,5,158,43327.282078
maior,genetic,5,159,43327.282078
maior,genetic,5,160,43327.282078
maior,genetic,5,161,43327.282078
maior,genetic,5,162,43327.282078
maior,genetic,5,163,43327.282078
maior,genetic,5,164,43327.282078
maior,genetic,5,165,43327.282078
maior,genetic,5,166,43327.282078
maior,genetic,5,167,43327.282078
maior,genetic,5,168,43327.282078
maior,genetic,5,169,43327.282078
maior,genetic,5,170,43327.282078
maior,genetic,5,171,43327.282078
maior,genetic,5,172,43327.282078
maior,genetic,5,173,43327.282078
maior,genetic,5,174,43327.282078
maior,genetic,5,175,43327.282078
maior,genetic,5,176,43327.282078
maior,genetic,5,177,43327.282078
maior,genetic,5,178,43327.282078
maior,genetic,5,179,43327.282078
maior,genetic,5,180,43327.282078
maior,genetic,5,181,43327.282078
maior,genetic,5,182,43327.282078
maior,genetic,5,183,43327.282078
maior,genetic,5,184,43327.282078
maior,genetic,5,185,43327.282078
maior,genetic,5,186,43327.282078
maior,genetic,5,187,43327.282078
maior,genetic,5,188,43327.282078
maior,genetic,5,189,43327.282078
maior,genetic,5,190,43327.282078
maior,genetic,5,191,43327.282078
maior,genetic,5,192,43327.282078
maior,genetic,5,193,43327.282078
maior,genetic,5,194,43327.282078
maior,genetic,5,195,43327.282078
maior,genetic,5,196,43327.282078
maior,random,6,1,12634184.340328
maior,genetic,6,1,51726.725775
maior,genetic,6,2,50586.785901
maior,genetic,6,3,50586.785901
maior,genetic,6,4,50586.785901
maior,genetic,6,5,50586.785901
maior,genetic,6,6,48515.277037
maior,genetic,6,7,48515.277037
maior,genetic,6,8,48515.277037
maior,genetic,6,9,48278.097582
maior,genetic,6,10,47359.967012
maior,genetic,6,11,47359.967012
maior,genetic,6,12,46939.321620
maior,genetic,6,13,46939.321620
maior,genetic,6,14,46939.321620
maior,genetic,6,15,46939.321620
maior,genetic,6,16,46939.321620
maior,genetic,6,17,46939.321620
maior,genetic,6,18,46799.105131
maior,genetic,6,19,46799.105131
maior,genetic,6,20,46291.869382
maior,genetic,6,21,46291.869382
maior,genetic,6,22,46291.869382
maior,genetic,6,23,46291.869382
maior,genetic,6,24,46007.012048
maior,genetic,6,25,45705.689343
maior,genetic,6,26,45343.046698
maior,genetic,6,27,44514.516964
maior,genetic,6,28,44514.516964
maior,genetic,6,29,44340.686916
maior,genetic,6,30,44238.016655
maior,genetic,6,31,44159.907683
maior,genetic,6,32,44081.222344
maior,genetic,6,33,43612.134888
maior,genetic,6,34,43612.134888
maior,genetic,6,35,43612.134888
maior,genetic,6,36,43612.134888
maior,genetic,6,37,43554.793370
maior,genetic,6,38,43554.793370
maior,genetic,6,39,43418.622324
maior,genetic,6,40,43320.935611
maior,genetic,6,41,43320.935611
maior,genetic,6,42,43282.023808
maior,genetic,6,43,43247.844958
maior,genetic,6,44,43194.577876
maior,genetic,6,45,43081.023427
maior,genetic,6,46,42570.850475
maior,genetic,6,47,42570.850475
maior,genetic,6,48,42570.850475
maior,genetic,6,49,42570.850475
maior,genetic,6,50,42570.850475
maior,genetic,6,51,42570.850475
maior,genetic,6,52,42570.850475
maior,genetic,6,53,42552.040162
maior,genetic,6,54,42552.040162
maior,genetic,6,55,42552.040162
maior,genetic,6,56,42489.793182
maior,genetic,6,57,42489.793182
maior,genetic,6,58,42386.744523
maior,genetic,6,59,42386.744523
maior,genetic,6,60,42386.744523
maior,genetic,6,61,42386.744523
maior,genetic,6,62,42134.839733
maior,genetic,6,63,42134.839733
maior,genetic,6,64,42134.839733
maior,genetic,6,65,42134.839733
maior,genetic,6,66,42134.839733
maior,genetic,6,67,42043.542069
maior,genetic,6,68,42043.542069
maior,genetic,6,69,42043.542069
maior,genetic,6,70,42004.337978
maior,genetic,6,71,41994.828657
maior,genetic,6,72,41994.828657
maior,genetic,6,73,41994.828657
maior,genetic,6,74,41915.558236
maior,genetic,6,75,41795.870981
maior,genetic,6,76,41795.870981
maior,genetic,6,77,41795.598414
maior,genetic,6,78,41795.598414
maior,genetic,6,79,41727.219244
maior,genetic,6,80,41727.219244
maior,genetic,6,81,41727.219244
maior,genetic,6,82,41727.219244
maior,genetic,6,83,41727.219244
maior,genetic,6,84,41727.219244
maior,genetic,6,85,41727.219244
maior,genetic,6,86,41700.396270
maior,genetic,6,87,41700.396270
maior,genetic,6,88,41636.268333
maior,genetic,6,89,41636.268333
maior,genetic,6,90,41636.268333
maior,genetic,6,91,41636.268333
maior,genetic,6,92,41636.268333
maior,genetic,6,93,41636.268333
maior,genetic,6,94,41636.268333
maior,genetic,6,95,41636.268333
maior,genetic,6,96,41636.268333
maior,genetic,6,97,41636.268333
maior,genetic,6,98,41636.268333
maior,genetic,6,99,41636.268333
maior,genetic,6,100,41636.268333
maior,genetic,6,101,41636.268333
maior,genetic,6,102,41636.268333
maior,genetic,6,103,41635.499811
maior,genetic,6,104,41635.499811
maior,genetic,6,105,41635.499811
maior,genetic,6,106,41635.499811
maior,genetic,6,107,41590.084821
maior,genetic,6,108,41590.084821
maior,genetic,6,109,41590.084821
maior,genetic,6,110,41590.084821
maior,genetic,6,111,41589.893356
maior,genetic,6,112,41547.637720
maior,genetic,6,113,41547.637720
maior,genetic,6,114,41547.637720
maior,genetic,6,115,41547.637720
maior,genetic,6,116,41547.637720
maior,genetic,6,117,41547.637720
maior,genetic,6,118,41547.637720
maior,genetic,6,119,41547.637720
maior,genetic,6,120,41547.637720
maior,genetic,6,121,41547.637720
maior,genetic,6,122,41547.637720
maior,genetic,6,123,41547.637720
maior,genetic,6,124,41547.637720
maior,genetic,6,125,41547.637720
maior,genetic,6,126,41547.637720
maior,genetic,6,127,41547.637720
maior,genetic,6,128,41547.637720
maior,genetic,6,129,41547.637720
maior,genetic,6,130,41547.637720
maior,genetic,6,131,41547.637720
maior,genetic,6,132,41547.637720
maior,genetic,6,133,41547.637720
maior,genetic,6,134,41547.637720
maior,genetic,6,135,41547.637720
maior,genetic,6,136,41547.637720
maior,genetic,6,137,41547.637720
maior,genetic,6,138,41547.637720
maior,genetic,6,139,41547.637720
maior,genetic,6,140,41547.637720
maior,genetic,6,141,41547.637720
maior,genetic,6,142,41547.637720
maior,genetic,6,143,41547.637720
maior,genetic,6,144,41547.637720
maior,genetic,6,145,41547.637720
maior,genetic,6,146,41547.637720
maior,genetic,6,147,41547.637720
maior,genetic,6,148,41547.637720
maior,genetic,6,149,41547.637720
maior,genetic,6,150,41547.637720
maior,genetic,6,151,41547.637720
maior,genetic,6,152,41547.637720
maior,genetic,6,153,41547.637720
maior,genetic,6,154,41547.637720
maior,genetic,6,155,41547.637720
maior,genetic,6,156,41547.637720
maior,genetic,6,157,41547.637720
maior,genetic,6,158,41547.637720
maior,genetic,6,159,41547.637720
maior,genetic,6,160,41547.637720
maior,genetic,6,161,41547.637720
maior,genetic,6,162,41547.637720
maior,random,7,1,6092015.812195
maior,genetic,7,1,53025.092257
maior,genetic,7,2,52574.049113
maior,genetic,7,3,50104.225175
maior,genetic,7,4,49894.576104
maior,genetic,7,5,48471.596762
maior,genetic,7,6,48471.596762
maior,genetic,7,7,48465.474756
maior,genetic,7,8,47762.133738
maior,genetic,7,9,46987.876931
maior,genetic,7,10,46987.876931
maior,genetic,7,11,46312.399038
maior,genetic,7,12,45614.484496
maior,genetic,7,13,45614.484496
maior,genetic,7,14,44893.375254
maior,genetic,7,15,44729.195469
maior,genetic,7,16,44729.195469
maior,genetic,7,17,44729.195469
maior,genetic,7,18,44729.195469
maior,genetic,7,19,44729.195469
maior,genetic,7,20,44729.195469
maior,genetic,7,21,44567.102081
maior,genetic,7,22,44567.102081
maior,genetic,7,23,44375.784421
maior,genetic,7,24,43776.747154
maior,genetic,7,25,43510.477619
maior,genetic,7,26,43510.477619
maior,genetic,7,27,43510.477619
maior,genetic,7,28,43384.290626
maior,genetic,7,29,43284.533527
maior,genetic,7,30,42899.027441
maior,genetic,7,31,42899.027441
maior,genetic,7,32,42899.027441
maior,genetic,7,33,42685.604630
maior,genetic,7,34,42685.604630
maior,genetic,7,35,42538.758354
maior,genetic,7,36,42538.758354
maior,genetic,7,37,42538.758354
maior,genetic,7,38,42538.758354
maior,genetic,7,39,42538.758354
maior,genetic,7,40,42486.363554
maior,genetic,7,41,42475.003186
maior,genetic,7,42,42475.003186
maior,genetic,7,43,42475.003186
maior,genetic,7,44,42475.003186
maior,genetic,7,45,42417.615361
maior,genetic,7,46,42417.615361
maior,genetic,7,47,42417.615361
maior,genetic,7,48,42417.615361
maior,genetic,7,49,42408.715295
maior,genetic,7,50,42370.563255
maior,genetic,7,51,42370.563255
maior,genetic,7,52,42370.563255
maior,genetic,7,53,42370.563255
maior,genetic,7,54,42370.563255
maior,genetic,7,55,42370.563255
maior,genetic,7,56,42370.563255
maior,genetic,7,57,42370.563255
maior,genetic,7,58,42370.563255
maior,genetic,7,59,42370.563255
maior,genetic,7,60,42370.563255
maior,genetic,7,61,42370.563255
maior,genetic,7,62,42370.563255
maior,genetic,7,63,42370.563255
maior,genetic,7,64,42370.563255
maior,genetic,7,65,42370.563255
maior,genetic,7,66,42370.563255
maior,genetic,7,67,42370.563255
maior,genetic,7,68,42370.563255
maior,genetic,7,69,42370.563255
maior,genetic,7,70,42312.611147
maior,genetic,7,71,42312.611147
maior,genetic,7,72,42312.611147
maior,genetic,7,73,42312.611147
maior,genetic,7,74,42312.611147
maior,genetic,7,75,42312.611147
maior,genetic,7,76,42312.611147
maior,genetic,7,77,42312.611147
maior,genetic,7,78,42312.611147
maior,genetic,7,79,42312.611147
maior,genetic,7,80,42312.611147
maior,genetic,7,81,42312.611147
maior,genetic,7,82,42312.611147
maior,genetic,7,83,42312.611147
maior,genetic,7,84,42312.611147
maior,genetic,7,85,42312.611147
maior,genetic,7,86,42312.611147
maior,genetic,7,87,42312.611147
maior,genetic,7,88,42312.611147
maior,genetic,7,89,42312.611147
maior,genetic,7,90,42312.611147
maior,genetic,7,91,42312.611147
maior,genetic,7,92,42312.611147
maior,genetic,7,93,42312.611147
maior,genetic,7,94,42312.611147
maior,genetic,7,95,42312.611147
maior,genetic,7,96,42312.611147
maior,genetic,7,97,42312.611147
maior,genetic,7,98,42312.611147
maior,genetic,7,99,42312.611147
maior,genetic,7,100,42312.611147
maior,genetic,7,101,42312.611147
maior,genetic,7,102,42312.611147
maior,genetic,7,103,42312.611147
maior,genetic,7,104,42312.611147
maior,genetic,7,105,42312.611147
maior,genetic,7,106,42312.611147
maior,genetic,7,107,42312.611147
maior,genetic,7,108,42312.611147
maior,genetic,7,109,42312.611147
maior,genetic,7,110,42312.611147
maior,genetic,7,111,42312.611147
maior,genetic,7,112,42312.611147
maior,genetic,7,113,42312.611147
maior,genetic,7,114,42312.611147
maior,genetic,7,115,42312.611147
maior,genetic,7,116,42312.611147
maior,genetic,7,117,42312.611147
maior,genetic,7,118,42312.611147
maior,genetic,7,119,42269.934090
maior,genetic,7,120,42269.934090
maior,genetic,7,121,42269.934090
maior,genetic,7,122,42269.934090
maior,genetic,7,123,42269.934090
maior,genetic,7,124,42269.934090
maior,genetic,7,125,42269.934090
maior,genetic,7,126,42267.732894
maior,genetic,7,127,42102.265930
maior,genetic,7,128,42102.265930
maior,genetic,7,129,42102.265930
maior,genetic,7,130,42102.265930
maior,genetic,7,131,41971.970389
maior,genetic,7,132,41971.970389
maior,genetic,7,133,41971.970389
maior,genetic,7,134,41523.562399
maior,genetic,7,135,41523.562399
maior,genetic,7,136,41523.562399
maior,genetic,7,137,41523.562399
maior,genetic,7,138,41361.205231
maior,genetic,7,139,41361.205231
maior,genetic,7,140,41314.153125
maior,genetic,7,141,41314.153125
maior,genetic,7,142,41314.153125
maior,genetic,7,143,41314.153125
maior,genetic,7,144,41314.153125
maior,genetic,7,145,41314.153125
maior,genetic,7,146,41314.153125
maior,genetic,7,147,41314.153125
maior,genetic,7,148,41314.153125
maior,genetic,7,149,41314.153125
maior,genetic,7,150,41314.153125
maior,genetic,7,151,41314.153125
maior,genetic,7,152,41314.153125
maior,genetic,7,153,41314.153125
maior,genetic,7,154,41314.153125
maior,genetic,7,155,41314.153125
maior,genetic,7,156,41314.153125
maior,genetic,7,157,41314.153125
maior,genetic,7,158,41314.153125
maior,genetic,7,159,41314.153125
maior,genetic,7,160,41314.153125
maior,genetic,7,161,41314.153125
maior,genetic,7,162,41314.153125
maior,genetic,7,163,41314.153125
maior,genetic,7,164,41314.153125
maior,genetic,7,165,41314.153125
maior,genetic,7,166,41314.153125
maior,genetic,7,167,41314.153125
maior,genetic,7,168,41314.153125
maior,genetic,7,169,41314.153125
maior,genetic,7,170,41314.153125
maior,genetic,7,171,41314.153125
maior,genetic,7,172,41314.153125
maior,genetic,7,173,41314.153125
maior,genetic,7,174,41314.153125
maior,genetic,7,175,41314.153125
maior,genetic,7,176,41314.153125
maior,genetic,7,177,41314.153125
maior,genetic,7,178,41314.153125
maior,genetic,7,179,41314.153125
maior,genetic,7,180,41314.153125
maior,genetic,7,181,41314.153125
maior,genetic,7,182,41314.153125
maior,genetic,7,183,41314.153125
maior,genetic,7,184,41314.153125
maior,genetic,7,185,41314.153125
maior,genetic,7,186,41314.153125
maior,genetic,7,187,41314.153125
maior,genetic,7,188,41314.153125
maior,genetic,7,189,41314.153125
maior,genetic,7,190,41314.153125
maior,random,8,1,12229556.313821
maior,genetic,8,1,48323.022892
maior,genetic,8,2,48323.022892
maior,genetic,8,3,48323.022892
maior,genetic,8,4,48323.022892
maior,genetic,8,5,48323.022892
maior,genetic,8,6,48323.022892
maior,genetic,8,7,48323.022892
maior,genetic,8,8,48323.022892
maior,genetic,8,9,48323.022892
maior,genetic,8,10,48323.022892
maior,genetic,8,11,47706.195096
maior,genetic,8,12,47706.195096
maior,genetic,8,13,47706.195096
maior,genetic,8,14,47706.195096
maior,genetic,8,15,47706.195096
maior,genetic,8,16,47381.248381
maior,genetic,8,17,47115.128017
maior,genetic,8,18,46977.066247
maior,genetic,8,19,46977.066247
maior,genetic,8,20,46698.945975
maior,genetic,8,21,45909.242580
maior,genetic,8,22,45909.242580
maior,genetic,8,23,45909.242580
maior,genetic,8,24,45432.289032
maior,genetic,8,25,45331.526276
maior,genetic,8,26,44651.184874
maior,genetic,8,27,43872.014285
maior,genetic,8,28,43872.014285
maior,genetic,8,29,43339.181554
maior,genetic,8,30,43339.181554
maior,genetic,8,31,43339.181554
maior,genetic,8,32,43339.181554
maior,genetic,8,33,43339.181554
maior,genetic,8,34,43339.181554
maior,genetic,8,35,43339.181554
maior,genetic,8,36,43339.181554
maior,genetic,8,37,43183.759277
maior,genetic,8,38,43183.759277
maior,genetic,8,39,43183.759277
maior,genetic,8,40,43183.759277
maior,genetic,8,41,43183.759277
maior,genetic,8,42,43183.759277
maior,genetic,8,43,43183.759277
maior,genetic,8,44,43183.759277
maior,genetic,8,45,43183.759277
maior,genetic,8,46,43183.759277
maior,genetic,8,47,43183.759277
maior,genetic,8,48,43183.759277
maior,genetic,8,49,43183.759277
maior,genetic,8,50,43183.759277
maior,genetic,8,51,43183.759277
maior,genetic,8,52,43183.759277
maior,genetic,8,53,43183.759277
maior,genetic,8,54,43183.759277
maior,genetic,8,55,43183.759277
maior,genetic,8,56,43183.759277
maior,genetic,8,57,43183.759277
maior,genetic,8,58,43183.759277
maior,genetic,8,59,42968.055936
maior,genetic,8,60,42968.055936
maior,genetic,8,61,42968.055936
maior,genetic,8,62,42968.055936
maior,genetic,8,63,42968.055936
maior,genetic,8,64,42955.695060
maior,genetic,8,65,42955.695060
maior,genetic,8,66,42938.893043
maior,genetic,8,67,42938.893043
maior,genetic,8,68,42938.893043
maior,genetic,8,69,42938.893043
maior,genetic,8,70,42938.893043
maior,genetic,8,71,42938.620476
maior,genetic,8,72,42938.620476
maior,genetic,8,73,42938.620476
maior,genetic,8,74,42896.995314
maior,genetic,8,75,42876.400026
maior,genetic,8,76,42851.320414
maior,genetic,8,77,42844.697980
maior,genetic,8,78,42844.697980
maior,genetic,8,79,42830.725126
maior,genetic,8,80,42830.725126
maior,genetic,8,81,42830.725126
maior,genetic,8,82,42830.725126
maior,genetic,8,83,42830.725126
maior,genetic,8,84,42830.725126
maior,genetic,8,85,42725.805031
maior,genetic,8,86,42714.466661
maior,genetic,8,87,42714.466661
maior,genetic,8,88,42714.466661
maior,genetic,8,89,42714.466661
maior,genetic,8,90,42714.466661
maior,genetic,8,91,42676.474029
maior,genetic,8,92,42676.474029
maior,genetic,8,93,42676.474029
maior,genetic,8,94,42676.474029
maior,genetic,8,95,42676.474029
maior,genetic,8,96,42676.474029
maior,genetic,8,97,42676.474029
maior,genetic,8,98,42667.565195
maior,genetic,8,99,42667.565195
maior,genetic,8,100,42667.565195
maior,genetic,8,101,42667.565195
maior,genetic,8,102,42667.565195
maior,genetic,8,103,42633.384474
maior,genetic,8,104,42633.384474
maior,genetic,8,105,42633.384474
maior,genetic,8,106,42633.384474
maior,genetic,8,107,42633.384474
maior,genetic,8,108,42633.384474
maior,genetic,8,109,42456.343246
maior,genetic,8,110,42456.343246
maior,genetic,8,111,42456.343246
maior,genetic,8,112,42456.343246
maior,genetic,8,113,42456.343246
maior,genetic,8,114,42456.343246
maior,genetic,8,115,42456.343246
maior,genetic,8,116,42456.343246
maior,genetic,8,117,42456.343246
maior,genetic,8,118,42456.343246
maior,genetic,8,119,42456.343246
maior,genetic,8,120,42456.343246
maior,genetic,8,121,42456.343246
maior,genetic,8,122,42456.343246
maior,genetic,8,123,42456.343246
maior,genetic,8,124,42265.116656
maior,genetic,8,125,42265.116656
maior,genetic,8,126,42265.116656
maior,genetic,8,127,42265.116656
maior,genetic,8,128,42265.116656
maior,genetic,8,129,42265.116656
maior,genetic,8,130,42265.116656
maior,genetic,8,131,42265.116656
maior,genetic,8,132,42265.116656
maior,genetic,8,133,42265.116656
maior,genetic,8,134,42265.116656
maior,genetic,8,135,42265.116656
maior,genetic,8,136,42265.116656
maior,genetic,8,137,42265.116656
maior,genetic,8,138,42265.116656
maior,genetic,8,139,42265.116656
maior,genetic,8,140,42265.116656
maior,genetic,8,141,42265.116656
maior,genetic,8,142,42265.116656
maior,genetic,8,143,42265.116656
maior,genetic,8,144,42265.116656
maior,genetic,8,145,42265.116656
maior,genetic,8,146,42265.116656
maior,genetic,8,147,42265.116656
maior,genetic,8,148,42265.116656
maior,genetic,8,149,42265.116656
maior,genetic,8,150,42265.116656
maior,genetic,8,151,42265.116656
maior,genetic,8,152,42265.116656
maior,genetic,8,153,42265.116656
maior,genetic,8,154,42265.116656
maior,genetic,8,155,42265.116656
maior,genetic,8,156,42265.116656
maior,genetic,8,157,42265.116656
maior,genetic,8,158,42265.116656
maior,genetic,8,159,42265.116656
maior,genetic,8,160,42265.116656
maior,genetic,8,161,42265.116656
maior,genetic,8,162,42189.416087
maior,genetic,8,163,42189.416087
maior,genetic,8,164,42189.416087
maior,genetic,8,165,42189.416087
maior,genetic,8,166,42189.416087
maior,genetic,8,167,42189.416087
maior,genetic,8,168,42189.416087
maior,genetic,8,169,42189.416087
maior,genetic,8,170,42189.416087
maior,genetic,8,171,42189.416087
maior,genetic,8,172,42189.416087
maior,genetic,8,173,42189.416087
maior,genetic,8,174,42189.416087
maior,genetic,8,175,42189.416087
maior,genetic,8,176,42189.416087
maior,genetic,8,177,42189.416087
maior,genetic,8,178,42189.416087
maior,genetic,8,179,42189.416087
maior,genetic,8,180,42189.416087
maior,genetic,8,181,42189.416087
maior,genetic,8,182,42189.416087
maior,genetic,8,183,42189.416087
maior,genetic,8,184,42189.416087
maior,genetic,8,185,42189.416087
maior,genetic,8,186,42189.416087
maior,genetic,8,187,42189.416087
maior,genetic,8,188,42056.138870
maior,genetic,8,189,42056.138870
maior,genetic,8,190,42056.138870
maior,genetic,8,191,42056.138870
maior,genetic,8,192,42056.138870
maior,genetic,8,193,42056.138870
maior,genetic,8,194,42056.138870
maior,genetic,8,195,42056.138870
maior,genetic,8,196,42056.138870
maior,genetic,8,197,41711.896931
maior,genetic,8,198,41711.896931
maior,genetic,8,199,41711.896931
maior,genetic,8,200,41711.896931
maior,genetic,8,201,41711.896931
maior,genetic,8,202,41711.896931
maior,genetic,8,203,41711.896931
maior,genetic,8,204,41711.896931
maior,genetic,8,205,41711.896931
maior,genetic,8,206,41711.896931
maior,genetic,8,207,41711.896931
maior,genetic,8,208,41711.896931
maior,genetic,8,209,41711.896931
maior,genetic,8,210,41711.896931
maior,genetic,8,211,41711.896931
maior,genetic,8,212,41711.896931
maior,genetic,8,213,41711.896931
maior,genetic,8,214,41711.896931
maior,genetic,8,215,41711.896931
maior,genetic,8,216,41711.896931
maior,genetic,8,217,41711.896931
maior,genetic,8,218,41711.896931
maior,genetic,8,219,41711.896931
maior,genetic,8,220,41711.896931
maior,genetic,8,221,41711.896931
maior,genetic,8,222,41711.896931
maior,genetic,8,223,41711.896931
maior,genetic,8,224,41711.896931
maior,genetic,8,225,41711.896931
maior,genetic,8,226,41711.896931
maior,genetic,8,227,41711.896931
maior,genetic,8,228,41711.896931
maior,genetic,8,229,41711.896931
maior,genetic,8,230,41711.896931
maior,genetic,8,231,41711.896931
maior,genetic,8,232,41711.896931
maior,genetic,8,233,41711.896931
maior,genetic,8,234,41711.896931
maior,genetic,8,235,41711.896931
maior,genetic,8,236,41711.896931
maior,genetic,8,237,41711.896931
maior,genetic,8,238,41711.896931
maior,genetic,8,239,41711.896931
maior,genetic,8,240,41711.896931
maior,genetic,8,241,41711.896931
maior,genetic,8,242,41711.896931
maior,genetic,8,243,41711.896931
maior,genetic,8,244,41711.896931
maior,genetic,8,245,41711.896931
maior,genetic,8,246,41711.896931
maior,genetic,8,247,41711.896931
maior,random,9,1,14166445.697251
maior,genetic,9,1,56930.350121
maior,genetic,9,2,49409.878885
maior,genetic,9,3,49409.878885
maior,genetic,9,4,49371.909392
maior,genetic,9,5,49371.909392
maior,genetic,9,6,49371.909392
maior,genetic,9,7,49371.909392
maior,genetic,9,8,48843.840737
maior,genetic,9,9,48294.278210
maior,genetic,9,10,47561.329781
maior,genetic,9,11,47561.329781
maior,genetic,9,12,46812.583026
maior,genetic,9,13,46812.583026
maior,genetic,9,14,46477.871434
maior,genetic,9,15,46477.871434
maior,genetic,9,16,45721.027161
maior,genetic,9,17,45721.027161
maior,genetic,9,18,45517.330348
maior,genetic,9,19,44883.382824
maior,genetic,9,20,44883.382824
maior,genetic,9,21,44867.912913
maior,genetic,9,22,43956.239964
maior,genetic,9,23,43956.239964
maior,genetic,9,24,43920.839449
maior,genetic,9,25,43132.511481
maior,genetic,9,26,43132.511481
maior,genetic,9,27,42730.087993
maior,genetic,9,28,42690.452967
maior,genetic,9,29,42690.452967
maior,genetic,9,30,42576.260937
maior,genetic,9,31,42354.406899
maior,genetic,9,32,42354.406899
maior,genetic,9,33,42354.406899
maior,genetic,9,34,42354.406899
maior,genetic,9,35,42308.199683
maior,genetic,9,36,42306.797414
maior,genetic,9,37,42306.797414
maior,genetic,9,38,42306.797414
maior,genetic,9,39,42306.797414
maior,genetic,9,40,42306.797414
maior,genetic,9,41,42306.797414
maior,genetic,9,42,42233.323828
maior,genetic,9,43,42233.323828
maior,genetic,9,44,42233.323828
maior,genetic,9,45,42233.323828
maior,genetic,9,46,42233.323828
maior,genetic,9,47,42101.917872
maior,genetic,9,48,42101.917872
maior,genetic,9,49,42101.917872
maior,genetic,9,50,42101.917872
maior,genetic,9,51,41976.700658
maior,genetic,9,52,41976.700658
maior,genetic,9,53,41976.700658
maior,genetic,9,54,41976.700658
maior,genetic,9,55,41883.546633
maior,genetic,9,56,41883.546633
maior,genetic,9,57,41883.546633
maior,genetic,9,58,41883.546633
maior,genetic,9,59,41883.546633
maior,genetic,9,60,41883.546633
maior,genetic,9,61,41883.546633
maior,genetic,9,62,41883.546633
maior,genetic,9,63,41883.546633
maior,genetic,9,64,41883.546633
maior,genetic,9,65,41758.070041
maior,genetic,9,66,41758.070041
maior,genetic,9,67,41758.070041
maior,genetic,9,68,41758.070041
maior,genetic,9,69,41758.070041
maior,genetic,9,70,41758.070041
maior,genetic,9,71,41758.070041
maior,genetic,9,72,41753.437721
maior,genetic,9,73,41753.437721
maior,genetic,9,74,41753.437721
maior,genetic,9,75,41753.437721
maior,genetic,9,76,41753.437721
maior,genetic,9,77,41753.437721
maior,genetic,9,78,41753.437721
maior,genetic,9,79,41753.437721
maior,genetic,9,80,41753.437721
maior,genetic,9,81,41730.038313
maior,genetic,9,82,41730.038313
maior,genetic,9,83,41730.038313
maior,genetic,9,84,41730.038313
maior,genetic,9,85,41730.038313
maior,genetic,9,86,41730.038313
maior,genetic,9,87,41730.038313
maior,genetic,9,88,41730.038313
maior,genetic,9,89,41730.038313
maior,genetic,9,90,41730.038313
maior,genetic,9,91,41730.038313
maior,genetic,9,92,41720.442904
maior,genetic,9,93,41720.442904
maior,genetic,9,94,41720.442904
maior,genetic,9,95,41720.442904
maior,genetic,9,96,41720.442904
maior,genetic,9,97,41697.753469
maior,genetic,9,98,41670.930495
maior,genetic,9,99,41670.930495
maior,genetic,9,100,41670.930495
maior,genetic,9,101,41670.930495
maior,genetic,9,102,41670.930495
maior,genetic,9,103,41670.930495
maior,genetic,9,104,41670.930495
maior,genetic,9,105,41670.930495
maior,genetic,9,106,41670.930495
maior,genetic,9,107,41670.930495
maior,genetic,9,108,41670.930495
maior,genetic,9,109,41670.930495
maior,genetic,9,110,41670.930495
maior,genetic,9,111,41670.930495
maior,genetic,9,112,41670.930495
maior,genetic,9,113,41670.930495
maior,genetic,9,114,41670.930495
maior,genetic,9,115,41670.930495
maior,genetic,9,116,41670.930495
maior,genetic,9,117,41670.930495
maior,genetic,9,118,41670.930495
maior,genetic,9,119,41670.930495
maior,genetic,9,120,41670.930495
maior,genetic,9,121,41670.930495
maior,genetic,9,122,41670.930495
maior,genetic,9,123,41670.930495
maior,genetic,9,124,41670.930495
maior,genetic,9,125,41670.930495
maior,genetic,9,126,41670.930495
maior,genetic,9,127,41670.930495
maior,genetic,9,128,41670.930495
maior,genetic,9,129,41670.930495
maior,genetic,9,130,41670.930495
maior,genetic,9,131,41670.930495
maior,genetic,9,132,41670.930495
maior,genetic,9,133,41670.930495
maior,genetic,9,134,41670.930495
maior,genetic,9,135,41670.930495
maior,genetic,9,136,41670.930495
maior,genetic,9,137,41670.930495
maior,genetic,9,138,41670.930495
maior,genetic,9,139,41670.930495
maior,genetic,9,140,41670.930495
maior,genetic,9,141,41670.930495
maior,genetic,9,142,41670.930495
maior,genetic,9,143,41670.930495
maior,genetic,9,144,41670.930495
maior,genetic,9,145,41670.930495
maior,genetic,9,146,41670.930495
maior,genetic,9,147,41670.930495
maior,genetic,9,148,41670.930495
maior,random,10,1,13018279.506392
maior,genetic,10,1,49671.914475
maior,genetic,10,2,49668.402483
maior,genetic,10,3,49048.672097
maior,genetic,10,4,48324.311617
maior,genetic,10,5,48324.311617
maior,genetic,10,6,47698.161885
maior,genetic,10,7,47698.161885
maior,genetic,10,8,47698.161885
maior,genetic,10,9,47298.910432
maior,genetic,10,10,47298.910432
maior,genetic,10,11,47298.910432
maior,genetic,10,12,47287.695350
maior,genetic,10,13,46379.864711
maior,genetic,10,14,45462.652036
maior,genetic,10,15,44777.117160
maior,genetic,10,16,44777.117160
maior,genetic,10,17,44777.117160
maior,genetic,10,18,44504.143773
maior,genetic,10,19,44431.215076
maior,genetic,10,20,44052.487464
maior,genetic,10,21,44052.487464
maior,genetic,10,22,44052.487464
maior,genetic,10,23,43528.899597
maior,genetic,10,24,43528.899597
maior,genetic,10,25,43357.957214
maior,genetic,10,26,43357.957214
maior,genetic,10,27,43357.957214
maior,genetic,10,28,43357.957214
maior,genetic,10,29,43357.957214
maior,genetic,10,30,43357.957214
maior,genetic,10,31,43357.957214
maior,genetic,10,32,43357.957214
maior,genetic,10,33,43357.957214
maior,genetic,10,34,43357.957214
maior,genetic,10,35,43357.957214
maior,genetic,10,36,43357.957214
maior,genetic,10,37,43302.834496
maior,genetic,10,38,43302.834496
maior,genetic,10,39,43186.510917
maior,genetic,10,40,43160.797427
maior,genetic,10,41,42917.378418
maior,genetic,10,42,42917.378418
maior,genetic,10,43,42917.378418
maior,genetic,10,44,42917.378418
maior,genetic,10,45,42917.378418
maior,genetic,10,46,42917.378418
maior,genetic,10,47,42917.378418
maior,genetic,10,48,42917.378418
maior,genetic,10,49,42917.378418
maior,genetic,10,50,42917.378418
maior,genetic,10,51,42917.378418
maior,genetic,10,52,42917.378418
maior,genetic,10,53,42917.378418
maior,genetic,10,54,42917.378418
maior,genetic,10,55,42917.378418
maior,genetic,10,56,42917.378418
maior,genetic,10,57,42917.378418
maior,genetic,10,58,42840.838414
maior,genetic,10,59,42840.838414
maior,genetic,10,60,42820.499164
maior,genetic,10,61,42723.474000
maior,genetic,10,62,42723.474000
maior,genetic,10,63,42723.474000
maior,genetic,10,64,42723.474000
maior,genetic,10,65,42723.474000
maior,genetic,10,66,42723.474000
maior,genetic,10,67,42694.490810
maior,genetic,10,68,42694.490810
maior,genetic,10,69,42694.490810
maior,genetic,10,70,42694.490810
maior,genetic,10,71,42694.490810
maior,genetic,10,72,42654.328549
maior,genetic,10,73,42654.328549
maior,genetic,10,74,42611.931203
maior,genetic,10,75,42611.931203
maior,genetic,10,76,42611.931203
maior,genetic,10,77,42611.931203
maior,genetic,10,78,42530.140635
maior,genetic,10,79,42446.776762
maior,genetic,10,80,42446.776762
maior,genetic,10,81,42430.305709
maior,genetic,10,82,42430.305709
maior,genetic,10,83,42430.305709
maior,genetic,10,84,42430.305709
maior,genetic,10,85,42430.305709
maior,genetic,10,86,42430.305709
maior,genetic,10,87,42430.305709
maior,genetic,10,88,42430.305709
maior,genetic,10,89,42430.305709
maior,genetic,10,90,42430.305709
maior,genetic,10,91,42430.305709
maior,genetic,10,92,42430.305709
maior,genetic,10,93,42430.305709
maior,genetic,10,94,42430.305709
maior,genetic,10,95,42430.305709
maior,genetic,10,96,42430.305709
maior,genetic,10,97,42430.305709
maior,genetic,10,98,42430.305709
maior,genetic,10,99,42430.305709
maior,genetic,10,100,42430.305709
maior,genetic,10,101,42430.305709
maior,genetic,10,102,42430.305709
maior,genetic,10,103,42392.313077
maior,genetic,10,104,42392.313077
maior,genetic,10,105,42392.313077
maior,genetic,10,106,42392.313077
maior,genetic,10,107,42392.313077
maior,genetic,10,108,42392.313077
maior,genetic,10,109,42392.313077
maior,genetic,10,110,42392.313077
maior,genetic,10,111,42392.313077
maior,genetic,10,112,42392.313077
maior,genetic,10,113,42392.313077
maior,genetic,10,114,42392.313077
maior,genetic,10,115,42392.313077
maior,genetic,10,116,42392.313077
maior,genetic,10,117,42392.313077
maior,genetic,10,118,42392.313077
maior,genetic,10,119,42392.313077
maior,genetic,10,120,42392.313077
maior,genetic,10,121,42392.313077
maior,genetic,10,122,42392.313077
maior,genetic,10,123,42392.313077
maior,genetic,10,124,42392.313077
maior,genetic,10,125,42392.313077
maior,genetic,10,126,42392.313077
maior,genetic,10,127,42392.313077
maior,genetic,10,128,42392.313077
maior,genetic,10,129,42392.313077
maior,genetic,10,130,42392.313077
maior,genetic,10,131,42392.313077
maior,genetic,10,132,42392.313077
maior,genetic,10,133,42392.313077
maior,genetic,10,134,42392.313077
maior,genetic,10,135,42392.313077
maior,genetic,10,136,42392.313077
maior,genetic,10,137,42392.313077
maior,genetic,10,138,42392.313077
maior,genetic,10,139,42392.313077
maior,genetic,10,140,42392.313077
maior,genetic,10,141,42392.313077
maior,genetic,10,142,42392.313077
maior,genetic,10,143,42392.313077
maior,genetic,10,144,42392.313077
maior,genetic,10,145,42392.313077
maior,genetic,10,146,42392.313077
maior,genetic,10,147,42392.313077
maior,genetic,10,148,42392.313077
maior,genetic,10,149,42392.313077
maior,genetic,10,150,42392.313077
maior,genetic,10,151,42392.313077
maior,genetic,10,152,42392.313077
maior,genetic,10,153,42392.313077
